Time [s], Analyzer Name, Decoded Protocol Result
3.122694875000000,LIN,Header Break
3.123367375000000,LIN,Inter-Byte Space
3.123473375000000,LIN,Header Sync
3.123967375000000,LIN,Inter-Byte Space
3.124044375000000,LIN,Protected ID: 60
3.124538375000000,LIN,Inter-Byte Space
3.124874750000000,LIN,Data 0: 255
3.125368750000000,LIN,Inter-Byte Space
3.125393875000000,LIN,Data 1: 7
3.125887875000000,LIN,Inter-Byte Space
3.125912875000000,LIN,Data 2: 255
3.126406875000000,LIN,Inter-Byte Space
3.126431875000000,LIN,Data 3: 255
3.126925875000000,LIN,Inter-Byte Space
3.126950875000000,LIN,Data 4: 255
3.127444875000000,LIN,Inter-Byte Space
3.127470000000000,LIN,Data 5: 255
3.127964000000000,LIN,Inter-Byte Space
3.127989000000000,LIN,Data 6: 255
3.128483000000000,LIN,Inter-Byte Space
3.128507875000000,LIN,Data 7: 255
3.129001875000000,LIN,Inter-Byte Space
3.129026875000000,LIN,!CHK!
3.132660000000000,LIN,Header Break
3.133362000000000,LIN,Inter-Byte Space
3.133438500000000,LIN,Header Sync
3.133932500000000,LIN,Inter-Byte Space
3.134009375000000,LIN,Protected ID: 61
3.147710250000000,LIN,Header Break
3.148382625000000,LIN,Inter-Byte Space
3.148488625000000,LIN,Header Sync
3.148982625000000,LIN,Inter-Byte Space
3.149215250000000,LIN,Protected ID: 60
3.149709250000000,LIN,Inter-Byte Space
3.150097500000000,LIN,Data 0: 255
3.150591500000000,LIN,Inter-Byte Space
3.150616500000000,LIN,Data 1: 7
3.151110500000000,LIN,Inter-Byte Space
3.151135500000000,LIN,Data 2: 255
3.151629500000000,LIN,Inter-Byte Space
3.151654500000000,LIN,Data 3: 255
3.152148500000000,LIN,Inter-Byte Space
3.152173500000000,LIN,Data 4: 255
3.152667500000000,LIN,Inter-Byte Space
3.152692500000000,LIN,Data 5: 255
3.153186500000000,LIN,Inter-Byte Space
3.153211375000000,LIN,Data 6: 255
3.153705375000000,LIN,Inter-Byte Space
3.153730375000000,LIN,Data 7: 255
3.154224375000000,LIN,Inter-Byte Space
3.154249250000000,LIN,!CHK!
3.157622500000000,LIN,Header Break
3.158324500000000,LIN,Inter-Byte Space
3.158401000000000,LIN,Header Sync
3.158895000000000,LIN,Inter-Byte Space
3.158971875000000,LIN,Protected ID: 61
3.172621875000000,LIN,Header Break
3.173294375000000,LIN,Inter-Byte Space
3.173400500000000,LIN,Header Sync
3.173894500000000,LIN,Inter-Byte Space
3.174179000000000,LIN,Protected ID: 60
3.174673000000000,LIN,Inter-Byte Space
3.175009500000000,LIN,Data 0: 255
3.175503500000000,LIN,Inter-Byte Space
3.175528625000000,LIN,Data 1: 1
3.176022625000000,LIN,Inter-Byte Space
3.176047625000000,LIN,Data 2: 7
3.176541625000000,LIN,Inter-Byte Space
3.176566625000000,LIN,Data 3: 255
3.177060625000000,LIN,Inter-Byte Space
3.177085750000000,LIN,Data 4: 255
3.177579750000000,LIN,Inter-Byte Space
3.177604625000000,LIN,Data 5: 255
3.178098625000000,LIN,Inter-Byte Space
3.178123500000000,LIN,Data 6: 255
3.178617500000000,LIN,Inter-Byte Space
3.178642500000000,LIN,Data 7: 255
3.179136500000000,LIN,Inter-Byte Space
3.179161375000000,LIN,!CHK!
3.182586875000000,LIN,Header Break
3.183288875000000,LIN,Inter-Byte Space
3.183365500000000,LIN,Header Sync
3.183859500000000,LIN,Inter-Byte Space
3.183884500000000,LIN,Protected ID: 61
3.197587375000000,LIN,Header Break
3.198259875000000,LIN,Inter-Byte Space
3.198366000000000,LIN,Header Sync
3.198860000000000,LIN,Inter-Byte Space
3.199092625000000,LIN,Protected ID: 60
3.199586625000000,LIN,Inter-Byte Space
3.199974875000000,LIN,Data 0: 208
3.200468875000000,LIN,Inter-Byte Space
3.200493875000000,LIN,Data 1: 2
3.200987875000000,LIN,Inter-Byte Space
3.201012750000000,LIN,Data 2: 7
3.201506750000000,LIN,Inter-Byte Space
3.201531750000000,LIN,Data 3: 255
3.202025750000000,LIN,Inter-Byte Space
3.202050750000000,LIN,Data 4: 255
3.202544750000000,LIN,Inter-Byte Space
3.202569750000000,LIN,Data 5: 255
3.203063750000000,LIN,Inter-Byte Space
3.203088750000000,LIN,Data 6: 255
3.203582750000000,LIN,Inter-Byte Space
3.203607625000000,LIN,Data 7: 255
3.204101625000000,LIN,Inter-Byte Space
3.204126500000000,LIN,!CHK!
3.207551750000000,LIN,Header Break
3.208253750000000,LIN,Inter-Byte Space
3.208330375000000,LIN,Header Sync
3.208824375000000,LIN,Inter-Byte Space
3.209108875000000,LIN,Protected ID: 61
3.209602875000000,LIN,Inter-Byte Space
3.209839250000000,LIN,Data 0: 254
3.222550750000000,LIN,Header Break
3.223223250000000,LIN,Inter-Byte Space
3.223329250000000,LIN,Header Sync
3.223823250000000,LIN,Inter-Byte Space
3.224055875000000,LIN,Protected ID: 60
3.224549875000000,LIN,Inter-Byte Space
3.224938250000000,LIN,Data 0: 0
3.225432250000000,LIN,Inter-Byte Space
3.225457250000000,LIN,Data 1: 2
3.225951250000000,LIN,Inter-Byte Space
3.225976125000000,LIN,Data 2: 7
3.226470125000000,LIN,Inter-Byte Space
3.226495250000000,LIN,Data 3: 255
3.226989250000000,LIN,Inter-Byte Space
3.227014250000000,LIN,Data 4: 255
3.227508250000000,LIN,Inter-Byte Space
3.227533250000000,LIN,Data 5: 255
3.228027250000000,LIN,Inter-Byte Space
3.228052250000000,LIN,Data 6: 255
3.228546250000000,LIN,Inter-Byte Space
3.228571375000000,LIN,Data 7: 255
3.229065375000000,LIN,Inter-Byte Space
3.229090375000000,LIN,!CHK!
3.232464000000000,LIN,Header Break
3.233166000000000,LIN,Inter-Byte Space
3.233242500000000,LIN,Header Sync
3.233736500000000,LIN,Inter-Byte Space
3.233813375000000,LIN,Protected ID: 61
3.247514875000000,LIN,Header Break
3.248187250000000,LIN,Inter-Byte Space
3.248293250000000,LIN,Header Sync
3.248787250000000,LIN,Inter-Byte Space
3.249019625000000,LIN,Protected ID: 60
3.249513625000000,LIN,Inter-Byte Space
3.249901750000000,LIN,Data 0: 1
3.250395750000000,LIN,Inter-Byte Space
3.250420625000000,LIN,Data 1: 2
3.250914625000000,LIN,Inter-Byte Space
3.250939500000000,LIN,Data 2: 7
3.251433500000000,LIN,Inter-Byte Space
3.251458375000000,LIN,Data 3: 255
3.251952375000000,LIN,Inter-Byte Space
3.251977375000000,LIN,Data 4: 255
3.252471375000000,LIN,Inter-Byte Space
3.252496250000000,LIN,Data 5: 255
3.252990250000000,LIN,Inter-Byte Space
3.253015000000000,LIN,Data 6: 255
3.253509000000000,LIN,Inter-Byte Space
3.253533875000000,LIN,Data 7: 255
3.254027875000000,LIN,Inter-Byte Space
3.254052875000000,LIN,!CHK!
3.257426000000000,LIN,Header Break
3.258128000000000,LIN,Inter-Byte Space
3.258204625000000,LIN,Header Sync
3.258698625000000,LIN,Inter-Byte Space
3.258775500000000,LIN,Protected ID: 61
3.259269500000000,LIN,Inter-Byte Space
3.259519250000000,LIN,Data 0: 255
3.260013250000000,LIN,Inter-Byte Space
3.260089500000000,LIN,Data 1: 0
3.260583500000000,LIN,Inter-Byte Space
3.260659750000000,LIN,Data 2: 0
3.261153750000000,LIN,Inter-Byte Space
3.261230000000000,LIN,Data 3: 0
3.261724000000000,LIN,Inter-Byte Space
3.261800250000000,LIN,Data 4: 255
3.262294250000000,LIN,Inter-Byte Space
3.262370500000000,LIN,Data 5: 255
3.262864500000000,LIN,Inter-Byte Space
3.262940875000000,LIN,Data 6: 255
3.263434875000000,LIN,Inter-Byte Space
3.263511125000000,LIN,Data 7: 255
3.264005125000000,LIN,Inter-Byte Space
3.264081375000000,LIN,!CHK!
3.272426500000000,LIN,Header Break
3.273128500000000,LIN,Inter-Byte Space
3.273205000000000,LIN,Header Sync
3.273699000000000,LIN,Inter-Byte Space
3.273983500000000,LIN,Protected ID: 60
3.274477500000000,LIN,Inter-Byte Space
3.274813750000000,LIN,Data 0: 1
3.275307750000000,LIN,Inter-Byte Space
3.275332750000000,LIN,Data 1: 6
3.275826750000000,LIN,Inter-Byte Space
3.275851625000000,LIN,Data 2: 9
3.276345625000000,LIN,Inter-Byte Space
3.276370625000000,LIN,Data 3: 0
3.276864625000000,LIN,Inter-Byte Space
3.276889500000000,LIN,Data 4: 255
3.277383500000000,LIN,Inter-Byte Space
3.277408375000000,LIN,Data 5: 255
3.277902375000000,LIN,Inter-Byte Space
3.277927375000000,LIN,Data 6: 255
3.278421375000000,LIN,Inter-Byte Space
3.278446250000000,LIN,Data 7: 255
3.278940250000000,LIN,Inter-Byte Space
3.278965375000000,LIN,!CHK!
3.282390875000000,LIN,Header Break
3.283092875000000,LIN,Inter-Byte Space
3.283169250000000,LIN,Header Sync
3.283663250000000,LIN,Inter-Byte Space
3.283740125000000,LIN,Protected ID: 61
3.284234125000000,LIN,Inter-Byte Space
3.284587375000000,LIN,Data 0: 9
3.285081375000000,LIN,Inter-Byte Space
3.285157625000000,LIN,Data 1: 1
3.285651625000000,LIN,Inter-Byte Space
3.285727875000000,LIN,Data 2: 255
3.286221875000000,LIN,Inter-Byte Space
3.286298250000000,LIN,Data 3: 255
3.286792250000000,LIN,Inter-Byte Space
3.286868375000000,LIN,Data 4: 255
3.287362375000000,LIN,Inter-Byte Space
3.287438500000000,LIN,Data 5: 255
3.287932500000000,LIN,Inter-Byte Space
3.288008750000000,LIN,Data 6: 255
3.288502750000000,LIN,Inter-Byte Space
3.288579000000000,LIN,Data 7: 255
3.289073000000000,LIN,Inter-Byte Space
3.289149125000000,LIN,!CHK!
3.297389625000000,LIN,Header Break
3.298091625000000,LIN,Inter-Byte Space
3.298168000000000,LIN,Header Sync
3.298662000000000,LIN,Inter-Byte Space
3.298946500000000,LIN,Protected ID: 60
3.299440500000000,LIN,Inter-Byte Space
3.299777000000000,LIN,Data 0: 1
3.300271000000000,LIN,Inter-Byte Space
3.300296125000000,LIN,Data 1: 6
3.300790125000000,LIN,Inter-Byte Space
3.300815250000000,LIN,Data 2: 12
3.301309250000000,LIN,Inter-Byte Space
3.301334250000000,LIN,Data 3: 0
3.301828250000000,LIN,Inter-Byte Space
3.301853250000000,LIN,Data 4: 255
3.302347250000000,LIN,Inter-Byte Space
3.302372250000000,LIN,Data 5: 255
3.302866250000000,LIN,Inter-Byte Space
3.302891375000000,LIN,Data 6: 255
3.303385375000000,LIN,Inter-Byte Space
3.303410375000000,LIN,Data 7: 255
3.303904375000000,LIN,Inter-Byte Space
3.303929375000000,LIN,!CHK!
3.307354875000000,LIN,Header Break
3.308056875000000,LIN,Inter-Byte Space
3.308133375000000,LIN,Header Sync
3.308627375000000,LIN,Inter-Byte Space
3.308911875000000,LIN,Protected ID: 61
3.309405875000000,LIN,Inter-Byte Space
3.309707250000000,LIN,Data 0: 12
3.310201250000000,LIN,Inter-Byte Space
3.310277375000000,LIN,Data 1: 26
3.310771375000000,LIN,Inter-Byte Space
3.310847625000000,LIN,Data 2: 255
3.311341625000000,LIN,Inter-Byte Space
3.311417875000000,LIN,Data 3: 255
3.311911875000000,LIN,Inter-Byte Space
3.311988125000000,LIN,Data 4: 255
3.312482125000000,LIN,Inter-Byte Space
3.312558500000000,LIN,Data 5: 255
3.313052500000000,LIN,Inter-Byte Space
3.313128750000000,LIN,Data 6: 255
3.313622750000000,LIN,Inter-Byte Space
3.313699000000000,LIN,Data 7: 255
3.314193000000000,LIN,Inter-Byte Space
3.314269250000000,LIN,!CHK!
3.322354750000000,LIN,Header Break
3.323056750000000,LIN,Inter-Byte Space
3.323133000000000,LIN,Header Sync
3.323627000000000,LIN,Inter-Byte Space
3.323859625000000,LIN,Protected ID: 60
3.324353625000000,LIN,Inter-Byte Space
3.324741625000000,LIN,Data 0: 1
3.325235625000000,LIN,Inter-Byte Space
3.325260625000000,LIN,Data 1: 6
3.325754625000000,LIN,Inter-Byte Space
3.325779625000000,LIN,Data 2: 13
3.326273625000000,LIN,Inter-Byte Space
3.326298500000000,LIN,Data 3: 0
3.326792500000000,LIN,Inter-Byte Space
3.326817500000000,LIN,Data 4: 255
3.327311500000000,LIN,Inter-Byte Space
3.327336500000000,LIN,Data 5: 255
3.327830500000000,LIN,Inter-Byte Space
3.327855500000000,LIN,Data 6: 255
3.328349500000000,LIN,Inter-Byte Space
3.328374375000000,LIN,Data 7: 255
3.328868375000000,LIN,Inter-Byte Space
3.328893375000000,LIN,!CHK!
3.332267000000000,LIN,Header Break
3.332969000000000,LIN,Inter-Byte Space
3.333045500000000,LIN,Header Sync
3.333539500000000,LIN,Inter-Byte Space
3.333616375000000,LIN,Protected ID: 61
3.334110375000000,LIN,Inter-Byte Space
3.334463750000000,LIN,Data 0: 13
3.334957750000000,LIN,Inter-Byte Space
3.335034000000000,LIN,Data 1: 198
3.335528000000000,LIN,Inter-Byte Space
3.335604250000000,LIN,Data 2: 255
3.336098250000000,LIN,Inter-Byte Space
3.336174500000000,LIN,Data 3: 255
3.336668500000000,LIN,Inter-Byte Space
3.336744750000000,LIN,Data 4: 255
3.337238750000000,LIN,Inter-Byte Space
3.337315000000000,LIN,Data 5: 255
3.337809000000000,LIN,Inter-Byte Space
3.337885250000000,LIN,Data 6: 255
3.338379250000000,LIN,Inter-Byte Space
3.338455500000000,LIN,Data 7: 255
3.338949500000000,LIN,Inter-Byte Space
3.339025750000000,LIN,!CHK!
3.347317625000000,LIN,Header Break
3.348019625000000,LIN,Inter-Byte Space
3.348096000000000,LIN,Header Sync
3.348590000000000,LIN,Inter-Byte Space
3.348822625000000,LIN,Protected ID: 60
3.349316625000000,LIN,Inter-Byte Space
3.349705000000000,LIN,Data 0: 1
3.350199000000000,LIN,Inter-Byte Space
3.350223875000000,LIN,Data 1: 6
3.350717875000000,LIN,Inter-Byte Space
3.350742875000000,LIN,Data 2: 10
3.351236875000000,LIN,Inter-Byte Space
3.351262000000000,LIN,Data 3: 0
3.351756000000000,LIN,Inter-Byte Space
3.351781000000000,LIN,Data 4: 255
3.352275000000000,LIN,Inter-Byte Space
3.352300000000000,LIN,Data 5: 255
3.352794000000000,LIN,Inter-Byte Space
3.352819000000000,LIN,Data 6: 255
3.353313000000000,LIN,Inter-Byte Space
3.353338125000000,LIN,Data 7: 255
3.353832125000000,LIN,Inter-Byte Space
3.353857000000000,LIN,!CHK!
3.357230375000000,LIN,Header Break
3.357932375000000,LIN,Inter-Byte Space
3.358008750000000,LIN,Header Sync
3.358502750000000,LIN,Inter-Byte Space
3.358579625000000,LIN,Protected ID: 61
3.359073625000000,LIN,Inter-Byte Space
3.359323375000000,LIN,Data 0: 10
3.359817375000000,LIN,Inter-Byte Space
3.359893625000000,LIN,Data 1: 0
3.360387625000000,LIN,Inter-Byte Space
3.360464000000000,LIN,Data 2: 255
3.360958000000000,LIN,Inter-Byte Space
3.361034250000000,LIN,Data 3: 255
3.361528250000000,LIN,Inter-Byte Space
3.361604500000000,LIN,Data 4: 255
3.362098500000000,LIN,Inter-Byte Space
3.362174750000000,LIN,Data 5: 255
3.362668750000000,LIN,Inter-Byte Space
3.362745000000000,LIN,Data 6: 255
3.363239000000000,LIN,Inter-Byte Space
3.363315125000000,LIN,Data 7: 255
3.363809125000000,LIN,Inter-Byte Space
3.363885375000000,LIN,!CHK!
3.372228250000000,LIN,Header Break
3.372930250000000,LIN,Inter-Byte Space
3.373006750000000,LIN,Header Sync
3.373500750000000,LIN,Inter-Byte Space
3.373785250000000,LIN,Protected ID: 60
3.374279250000000,LIN,Inter-Byte Space
3.374667500000000,LIN,Data 0: 1
3.375161500000000,LIN,Inter-Byte Space
3.375186500000000,LIN,Data 1: 6
3.375680500000000,LIN,Inter-Byte Space
3.375705375000000,LIN,Data 2: 11
3.376199375000000,LIN,Inter-Byte Space
3.376224375000000,LIN,Data 3: 0
3.376718375000000,LIN,Inter-Byte Space
3.376743375000000,LIN,Data 4: 255
3.377237375000000,LIN,Inter-Byte Space
3.377262375000000,LIN,Data 5: 255
3.377756375000000,LIN,Inter-Byte Space
3.377781375000000,LIN,Data 6: 255
3.378275375000000,LIN,Inter-Byte Space
3.378300250000000,LIN,Data 7: 255
3.378794250000000,LIN,Inter-Byte Space
3.378819250000000,LIN,!CHK!
3.382192000000000,LIN,Header Break
3.382894000000000,LIN,Inter-Byte Space
3.382970375000000,LIN,Header Sync
3.383464375000000,LIN,Inter-Byte Space
3.383541125000000,LIN,Protected ID: 61
3.384035125000000,LIN,Inter-Byte Space
3.384284625000000,LIN,Data 0: 11
3.384778625000000,LIN,Inter-Byte Space
3.384854875000000,LIN,Data 1: 95
3.385348875000000,LIN,Inter-Byte Space
3.385425125000000,LIN,Data 2: 255
3.385919125000000,LIN,Inter-Byte Space
3.385995375000000,LIN,Data 3: 255
3.386489375000000,LIN,Inter-Byte Space
3.386565750000000,LIN,Data 4: 255
3.387059750000000,LIN,Inter-Byte Space
3.387136000000000,LIN,Data 5: 255
3.387630000000000,LIN,Inter-Byte Space
3.387706250000000,LIN,Data 6: 255
3.388200250000000,LIN,Inter-Byte Space
3.388276500000000,LIN,Data 7: 255
3.388770500000000,LIN,Inter-Byte Space
3.388846750000000,LIN,!CHK!
3.397189750000000,LIN,Header Break
3.397891750000000,LIN,Inter-Byte Space
3.397968125000000,LIN,Header Sync
3.398462125000000,LIN,Inter-Byte Space
3.398746500000000,LIN,Protected ID: 60
3.399240500000000,LIN,Inter-Byte Space
3.399576625000000,LIN,Data 0: 1
3.400070625000000,LIN,Inter-Byte Space
3.400095625000000,LIN,Data 1: 4
3.400589625000000,LIN,Inter-Byte Space
3.400614500000000,LIN,Data 2: 0
3.401108500000000,LIN,Inter-Byte Space
3.401133500000000,LIN,Data 3: 0
3.401627500000000,LIN,Inter-Byte Space
3.401652375000000,LIN,Data 4: 255
3.402146375000000,LIN,Inter-Byte Space
3.402171375000000,LIN,Data 5: 255
3.402665375000000,LIN,Inter-Byte Space
3.402690250000000,LIN,Data 6: 255
3.403184250000000,LIN,Inter-Byte Space
3.403209250000000,LIN,Data 7: 255
3.403703250000000,LIN,Inter-Byte Space
3.403728125000000,LIN,!CHK!
3.407153500000000,LIN,Header Break
3.407855500000000,LIN,Inter-Byte Space
3.407931875000000,LIN,Header Sync
3.408425875000000,LIN,Inter-Byte Space
3.408710375000000,LIN,Protected ID: 61
3.409204375000000,LIN,Inter-Byte Space
3.409713250000000,LIN,Data 0: 255
3.410207250000000,LIN,Inter-Byte Space
3.410283500000000,LIN,Data 1: 0
3.410777500000000,LIN,Inter-Byte Space
3.410853750000000,LIN,Data 2: 0
3.411347750000000,LIN,Inter-Byte Space
3.411424000000000,LIN,Data 3: 0
3.411918000000000,LIN,Inter-Byte Space
3.411994375000000,LIN,Data 4: 0
3.412488375000000,LIN,Inter-Byte Space
3.412564625000000,LIN,Data 5: 255
3.413058625000000,LIN,Inter-Byte Space
3.413134875000000,LIN,Data 6: 255
3.413628875000000,LIN,Inter-Byte Space
3.413705125000000,LIN,Data 7: 255
3.414199125000000,LIN,Inter-Byte Space
3.414275375000000,LIN,!CHK!
3.422151625000000,LIN,Header Break
3.422853625000000,LIN,Inter-Byte Space
3.422930125000000,LIN,Header Sync
3.423424125000000,LIN,Inter-Byte Space
3.423656750000000,LIN,Protected ID: 60
3.424150750000000,LIN,Inter-Byte Space
3.424539125000000,LIN,Data 0: 2
3.425033125000000,LIN,Inter-Byte Space
3.425058125000000,LIN,Data 1: 2
3.425552125000000,LIN,Inter-Byte Space
3.425577125000000,LIN,Data 2: 0
3.426071125000000,LIN,Inter-Byte Space
3.426096000000000,LIN,Data 3: 0
3.426590000000000,LIN,Inter-Byte Space
3.426615000000000,LIN,Data 4: 255
3.427109000000000,LIN,Inter-Byte Space
3.427134000000000,LIN,Data 5: 255
3.427628000000000,LIN,Inter-Byte Space
3.427652875000000,LIN,Data 6: 255
3.428146875000000,LIN,Inter-Byte Space
3.428171875000000,LIN,Data 7: 255
3.428665875000000,LIN,Inter-Byte Space
3.428690750000000,LIN,!CHK!
3.432115625000000,LIN,Header Break
3.432817625000000,LIN,Inter-Byte Space
3.432894125000000,LIN,Header Sync
3.433388125000000,LIN,Inter-Byte Space
3.433672500000000,LIN,Protected ID: 61
3.447114250000000,LIN,Header Break
3.447786625000000,LIN,Inter-Byte Space
3.447892625000000,LIN,Header Sync
3.448386625000000,LIN,Inter-Byte Space
3.448619250000000,LIN,Protected ID: 60
3.449113250000000,LIN,Inter-Byte Space
3.449501500000000,LIN,Data 0: 3
3.449995500000000,LIN,Inter-Byte Space
3.450020500000000,LIN,Data 1: 2
3.450514500000000,LIN,Inter-Byte Space
3.450539500000000,LIN,Data 2: 0
3.451033500000000,LIN,Inter-Byte Space
3.451058375000000,LIN,Data 3: 0
3.451552375000000,LIN,Inter-Byte Space
3.451577250000000,LIN,Data 4: 255
3.452071250000000,LIN,Inter-Byte Space
3.452096125000000,LIN,Data 5: 255
3.452590125000000,LIN,Inter-Byte Space
3.452615000000000,LIN,Data 6: 255
3.453109000000000,LIN,Inter-Byte Space
3.453133875000000,LIN,Data 7: 255
3.453627875000000,LIN,Inter-Byte Space
3.453652625000000,LIN,!CHK!
3.457026125000000,LIN,Header Break
3.457728125000000,LIN,Inter-Byte Space
3.457804625000000,LIN,Header Sync
3.458298625000000,LIN,Inter-Byte Space
3.458375500000000,LIN,Protected ID: 61
3.472074750000000,LIN,Header Break
3.472747000000000,LIN,Inter-Byte Space
3.472853000000000,LIN,Header Sync
3.473347000000000,LIN,Inter-Byte Space
3.473579375000000,LIN,Protected ID: 60
3.474073375000000,LIN,Inter-Byte Space
3.474461375000000,LIN,Data 0: 4
3.474955375000000,LIN,Inter-Byte Space
3.474980250000000,LIN,Data 1: 2
3.475474250000000,LIN,Inter-Byte Space
3.475499125000000,LIN,Data 2: 0
3.475993125000000,LIN,Inter-Byte Space
3.476018000000000,LIN,Data 3: 0
3.476512000000000,LIN,Inter-Byte Space
3.476536875000000,LIN,Data 4: 255
3.477030875000000,LIN,Inter-Byte Space
3.477055875000000,LIN,Data 5: 255
3.477549875000000,LIN,Inter-Byte Space
3.477574875000000,LIN,Data 6: 255
3.478068875000000,LIN,Inter-Byte Space
3.478093875000000,LIN,Data 7: 255
3.478587875000000,LIN,Inter-Byte Space
3.478612875000000,LIN,!CHK!
3.481985875000000,LIN,Header Break
3.482687875000000,LIN,Inter-Byte Space
3.482764250000000,LIN,Header Sync
3.483258250000000,LIN,Inter-Byte Space
3.483335000000000,LIN,Protected ID: 61
3.496982875000000,LIN,Header Break
3.497655125000000,LIN,Inter-Byte Space
3.497761250000000,LIN,Header Sync
3.498255250000000,LIN,Inter-Byte Space
3.498539625000000,LIN,Protected ID: 60
3.499033625000000,LIN,Inter-Byte Space
3.499370125000000,LIN,Data 0: 5
3.499864125000000,LIN,Inter-Byte Space
3.499889125000000,LIN,Data 1: 2
3.500383125000000,LIN,Inter-Byte Space
3.500408125000000,LIN,Data 2: 0
3.500902125000000,LIN,Inter-Byte Space
3.500927125000000,LIN,Data 3: 0
3.501421125000000,LIN,Inter-Byte Space
3.501446000000000,LIN,Data 4: 255
3.501940000000000,LIN,Inter-Byte Space
3.501964875000000,LIN,Data 5: 255
3.502458875000000,LIN,Inter-Byte Space
3.502483875000000,LIN,Data 6: 255
3.502977875000000,LIN,Inter-Byte Space
3.503002750000000,LIN,Data 7: 255
3.503496750000000,LIN,Inter-Byte Space
3.503521750000000,LIN,!CHK!
3.506946250000000,LIN,Header Break
3.507648250000000,LIN,Inter-Byte Space
3.507724625000000,LIN,Header Sync
3.508218625000000,LIN,Inter-Byte Space
3.508243500000000,LIN,Protected ID: 61
3.508737500000000,LIN,Inter-Byte Space
3.509090875000000,LIN,Data 0: 255
3.509584875000000,LIN,Inter-Byte Space
3.509661375000000,LIN,Data 1: 0
3.510155375000000,LIN,Inter-Byte Space
3.510231750000000,LIN,Data 2: 0
3.510725750000000,LIN,Inter-Byte Space
3.510802125000000,LIN,Data 3: 0
3.511296125000000,LIN,Inter-Byte Space
3.511372500000000,LIN,Data 4: 255
3.511866500000000,LIN,Inter-Byte Space
3.511942750000000,LIN,Data 5: 255
3.512436750000000,LIN,Inter-Byte Space
3.512513125000000,LIN,Data 6: 255
3.513007125000000,LIN,Inter-Byte Space
3.513083500000000,LIN,Data 7: 255
3.513577500000000,LIN,Inter-Byte Space
3.513653875000000,LIN,!CHK!
3.521943375000000,LIN,Header Break
3.522645375000000,LIN,Inter-Byte Space
3.522721875000000,LIN,Header Sync
3.523215875000000,LIN,Inter-Byte Space
3.523448500000000,LIN,Protected ID: 60
3.523942500000000,LIN,Inter-Byte Space
3.524330750000000,LIN,Data 0: 5
3.524824750000000,LIN,Inter-Byte Space
3.524849625000000,LIN,Data 1: 6
3.525343625000000,LIN,Inter-Byte Space
3.525368625000000,LIN,Data 2: 9
3.525862625000000,LIN,Inter-Byte Space
3.525887625000000,LIN,Data 3: 0
3.526381625000000,LIN,Inter-Byte Space
3.526406500000000,LIN,Data 4: 255
3.526900500000000,LIN,Inter-Byte Space
3.526925500000000,LIN,Data 5: 255
3.527419500000000,LIN,Inter-Byte Space
3.527444500000000,LIN,Data 6: 255
3.527938500000000,LIN,Inter-Byte Space
3.527963375000000,LIN,Data 7: 255
3.528457375000000,LIN,Inter-Byte Space
3.528482375000000,LIN,!CHK!
3.531907500000000,LIN,Header Break
3.532609500000000,LIN,Inter-Byte Space
3.532686000000000,LIN,Header Sync
3.533180000000000,LIN,Inter-Byte Space
3.533464375000000,LIN,Protected ID: 61
3.533958375000000,LIN,Inter-Byte Space
3.534156250000000,LIN,Data 0: 9
3.534650250000000,LIN,Inter-Byte Space
3.534726625000000,LIN,Data 1: 1
3.535220625000000,LIN,Inter-Byte Space
3.535297000000000,LIN,Data 2: 255
3.535791000000000,LIN,Inter-Byte Space
3.535867375000000,LIN,Data 3: 255
3.536361375000000,LIN,Inter-Byte Space
3.536437750000000,LIN,Data 4: 255
3.536931750000000,LIN,Inter-Byte Space
3.537008250000000,LIN,Data 5: 255
3.537502250000000,LIN,Inter-Byte Space
3.537578625000000,LIN,Data 6: 255
3.538072625000000,LIN,Inter-Byte Space
3.538149000000000,LIN,Data 7: 255
3.538643000000000,LIN,Inter-Byte Space
3.538719375000000,LIN,!CHK!
3.546905875000000,LIN,Header Break
3.547607875000000,LIN,Inter-Byte Space
3.547684500000000,LIN,Header Sync
3.548178500000000,LIN,Inter-Byte Space
3.548411125000000,LIN,Protected ID: 60
3.548905125000000,LIN,Inter-Byte Space
3.549293750000000,LIN,Data 0: 5
3.549787750000000,LIN,Inter-Byte Space
3.549812875000000,LIN,Data 1: 6
3.550306875000000,LIN,Inter-Byte Space
3.550331875000000,LIN,Data 2: 12
3.550825875000000,LIN,Inter-Byte Space
3.550850875000000,LIN,Data 3: 0
3.551344875000000,LIN,Inter-Byte Space
3.551369875000000,LIN,Data 4: 255
3.551863875000000,LIN,Inter-Byte Space
3.551889000000000,LIN,Data 5: 255
3.552383000000000,LIN,Inter-Byte Space
3.552408000000000,LIN,Data 6: 255
3.552902000000000,LIN,Inter-Byte Space
3.552927000000000,LIN,Data 7: 255
3.553421000000000,LIN,Inter-Byte Space
3.553446000000000,LIN,!CHK!
3.556819750000000,LIN,Header Break
3.557521750000000,LIN,Inter-Byte Space
3.557598250000000,LIN,Header Sync
3.558092250000000,LIN,Inter-Byte Space
3.558169250000000,LIN,Protected ID: 61
3.558663250000000,LIN,Inter-Byte Space
3.558964750000000,LIN,Data 0: 12
3.559458750000000,LIN,Inter-Byte Space
3.559535125000000,LIN,Data 1: 26
3.560029125000000,LIN,Inter-Byte Space
3.560105625000000,LIN,Data 2: 255
3.560599625000000,LIN,Inter-Byte Space
3.560675875000000,LIN,Data 3: 255
3.561169875000000,LIN,Inter-Byte Space
3.561246250000000,LIN,Data 4: 255
3.561740250000000,LIN,Inter-Byte Space
3.561816625000000,LIN,Data 5: 255
3.562310625000000,LIN,Inter-Byte Space
3.562387000000000,LIN,Data 6: 255
3.562881000000000,LIN,Inter-Byte Space
3.562957375000000,LIN,Data 7: 255
3.563451375000000,LIN,Inter-Byte Space
3.563527750000000,LIN,!CHK!
3.571871375000000,LIN,Header Break
3.572573375000000,LIN,Inter-Byte Space
3.572649875000000,LIN,Header Sync
3.573143875000000,LIN,Inter-Byte Space
3.573376250000000,LIN,Protected ID: 60
3.573870250000000,LIN,Inter-Byte Space
3.574258500000000,LIN,Data 0: 5
3.574752500000000,LIN,Inter-Byte Space
3.574777500000000,LIN,Data 1: 6
3.575271500000000,LIN,Inter-Byte Space
3.575296500000000,LIN,Data 2: 13
3.575790500000000,LIN,Inter-Byte Space
3.575815375000000,LIN,Data 3: 0
3.576309375000000,LIN,Inter-Byte Space
3.576334375000000,LIN,Data 4: 255
3.576828375000000,LIN,Inter-Byte Space
3.576853375000000,LIN,Data 5: 255
3.577347375000000,LIN,Inter-Byte Space
3.577372250000000,LIN,Data 6: 255
3.577866250000000,LIN,Inter-Byte Space
3.577891125000000,LIN,Data 7: 255
3.578385125000000,LIN,Inter-Byte Space
3.578410125000000,LIN,!CHK!
3.581783000000000,LIN,Header Break
3.582485000000000,LIN,Inter-Byte Space
3.582561500000000,LIN,Header Sync
3.583055500000000,LIN,Inter-Byte Space
3.583132375000000,LIN,Protected ID: 61
3.583626375000000,LIN,Inter-Byte Space
3.583876250000000,LIN,Data 0: 13
3.584370250000000,LIN,Inter-Byte Space
3.584446625000000,LIN,Data 1: 198
3.584940625000000,LIN,Inter-Byte Space
3.585016875000000,LIN,Data 2: 255
3.585510875000000,LIN,Inter-Byte Space
3.585587375000000,LIN,Data 3: 255
3.586081375000000,LIN,Inter-Byte Space
3.586157750000000,LIN,Data 4: 255
3.586651750000000,LIN,Inter-Byte Space
3.586728125000000,LIN,Data 5: 255
3.587222125000000,LIN,Inter-Byte Space
3.587298500000000,LIN,Data 6: 255
3.587792500000000,LIN,Inter-Byte Space
3.587868750000000,LIN,Data 7: 255
3.588362750000000,LIN,Inter-Byte Space
3.588439125000000,LIN,!CHK!
3.596781500000000,LIN,Header Break
3.597483500000000,LIN,Inter-Byte Space
3.597559875000000,LIN,Header Sync
3.598053875000000,LIN,Inter-Byte Space
3.598338125000000,LIN,Protected ID: 60
3.598832125000000,LIN,Inter-Byte Space
3.599168500000000,LIN,Data 0: 5
3.599662500000000,LIN,Inter-Byte Space
3.599687375000000,LIN,Data 1: 6
3.600181375000000,LIN,Inter-Byte Space
3.600206375000000,LIN,Data 2: 10
3.600700375000000,LIN,Inter-Byte Space
3.600725375000000,LIN,Data 3: 0
3.601219375000000,LIN,Inter-Byte Space
3.601244250000000,LIN,Data 4: 255
3.601738250000000,LIN,Inter-Byte Space
3.601763250000000,LIN,Data 5: 255
3.602257250000000,LIN,Inter-Byte Space
3.602282250000000,LIN,Data 6: 255
3.602776250000000,LIN,Inter-Byte Space
3.602801250000000,LIN,Data 7: 255
3.603295250000000,LIN,Inter-Byte Space
3.603320375000000,LIN,!CHK!
3.606746125000000,LIN,Header Break
3.607448125000000,LIN,Inter-Byte Space
3.607524750000000,LIN,Header Sync
3.608018750000000,LIN,Inter-Byte Space
3.608095625000000,LIN,Protected ID: 61
3.608589625000000,LIN,Inter-Byte Space
3.608839500000000,LIN,Data 0: 10
3.609333500000000,LIN,Inter-Byte Space
3.609409875000000,LIN,Data 1: 0
3.609903875000000,LIN,Inter-Byte Space
3.609980250000000,LIN,Data 2: 255
3.610474250000000,LIN,Inter-Byte Space
3.610550625000000,LIN,Data 3: 255
3.611044625000000,LIN,Inter-Byte Space
3.611121000000000,LIN,Data 4: 255
3.611615000000000,LIN,Inter-Byte Space
3.611691375000000,LIN,Data 5: 255
3.612185375000000,LIN,Inter-Byte Space
3.612261625000000,LIN,Data 6: 255
3.612755625000000,LIN,Inter-Byte Space
3.612832000000000,LIN,Data 7: 255
3.613326000000000,LIN,Inter-Byte Space
3.613402250000000,LIN,!CHK!
3.621744375000000,LIN,Header Break
3.622446375000000,LIN,Inter-Byte Space
3.622522750000000,LIN,Header Sync
3.623016750000000,LIN,Inter-Byte Space
3.623301250000000,LIN,Protected ID: 60
3.623795250000000,LIN,Inter-Byte Space
3.624131375000000,LIN,Data 0: 5
3.624625375000000,LIN,Inter-Byte Space
3.624650375000000,LIN,Data 1: 6
3.625144375000000,LIN,Inter-Byte Space
3.625169375000000,LIN,Data 2: 11
3.625663375000000,LIN,Inter-Byte Space
3.625688375000000,LIN,Data 3: 0
3.626182375000000,LIN,Inter-Byte Space
3.626207375000000,LIN,Data 4: 255
3.626701375000000,LIN,Inter-Byte Space
3.626726375000000,LIN,Data 5: 255
3.627220375000000,LIN,Inter-Byte Space
3.627245375000000,LIN,Data 6: 255
3.627739375000000,LIN,Inter-Byte Space
3.627764250000000,LIN,Data 7: 255
3.628258250000000,LIN,Inter-Byte Space
3.628283250000000,LIN,!CHK!
3.631708125000000,LIN,Header Break
3.632410125000000,LIN,Inter-Byte Space
3.632486375000000,LIN,Header Sync
3.632980375000000,LIN,Inter-Byte Space
3.633264625000000,LIN,Protected ID: 61
3.633758625000000,LIN,Inter-Byte Space
3.633956500000000,LIN,Data 0: 11
3.634450500000000,LIN,Inter-Byte Space
3.634526875000000,LIN,Data 1: 95
3.635020875000000,LIN,Inter-Byte Space
3.635097250000000,LIN,Data 2: 255
3.635591250000000,LIN,Inter-Byte Space
3.635667500000000,LIN,Data 3: 255
3.636161500000000,LIN,Inter-Byte Space
3.636237875000000,LIN,Data 4: 255
3.636731875000000,LIN,Inter-Byte Space
3.636808125000000,LIN,Data 5: 255
3.637302125000000,LIN,Inter-Byte Space
3.637378500000000,LIN,Data 6: 255
3.637872500000000,LIN,Inter-Byte Space
3.637948750000000,LIN,Data 7: 255
3.638442750000000,LIN,Inter-Byte Space
3.638519125000000,LIN,!CHK!
3.646706000000000,LIN,Header Break
3.647408000000000,LIN,Inter-Byte Space
3.647484750000000,LIN,Header Sync
3.647978750000000,LIN,Inter-Byte Space
3.648211500000000,LIN,Protected ID: 60
3.648705500000000,LIN,Inter-Byte Space
3.649093875000000,LIN,Data 0: 5
3.649587875000000,LIN,Inter-Byte Space
3.649612875000000,LIN,Data 1: 4
3.650106875000000,LIN,Inter-Byte Space
3.650132000000000,LIN,Data 2: 1
3.650626000000000,LIN,Inter-Byte Space
3.650651000000000,LIN,Data 3: 0
3.651145000000000,LIN,Inter-Byte Space
3.651170000000000,LIN,Data 4: 255
3.651664000000000,LIN,Inter-Byte Space
3.651689000000000,LIN,Data 5: 255
3.652183000000000,LIN,Inter-Byte Space
3.652208125000000,LIN,Data 6: 255
3.652702125000000,LIN,Inter-Byte Space
3.652727125000000,LIN,Data 7: 255
3.653221125000000,LIN,Inter-Byte Space
3.653246125000000,LIN,!CHK!
3.656619500000000,LIN,Header Break
3.657321500000000,LIN,Inter-Byte Space
3.657397875000000,LIN,Header Sync
3.657891875000000,LIN,Inter-Byte Space
3.657968625000000,LIN,Protected ID: 61
3.658462625000000,LIN,Inter-Byte Space
3.658971875000000,LIN,Data 0: 255
3.659465875000000,LIN,Inter-Byte Space
3.659542250000000,LIN,Data 1: 1
3.660036250000000,LIN,Inter-Byte Space
3.660112750000000,LIN,Data 2: 0
3.660606750000000,LIN,Inter-Byte Space
3.660683000000000,LIN,Data 3: 0
3.661177000000000,LIN,Inter-Byte Space
3.661253375000000,LIN,Data 4: 0
3.661747375000000,LIN,Inter-Byte Space
3.661823750000000,LIN,Data 5: 255
3.662317750000000,LIN,Inter-Byte Space
3.662394250000000,LIN,Data 6: 255
3.662888250000000,LIN,Inter-Byte Space
3.662964625000000,LIN,Data 7: 255
3.663458625000000,LIN,Inter-Byte Space
3.663535000000000,LIN,!CHK!
3.671668375000000,LIN,Header Break
3.672370375000000,LIN,Inter-Byte Space
3.672446875000000,LIN,Header Sync
3.672940875000000,LIN,Inter-Byte Space
3.673173375000000,LIN,Protected ID: 60
3.673667375000000,LIN,Inter-Byte Space
3.674055625000000,LIN,Data 0: 6
3.674549625000000,LIN,Inter-Byte Space
3.674574625000000,LIN,Data 1: 2
3.675068625000000,LIN,Inter-Byte Space
3.675093625000000,LIN,Data 2: 1
3.675587625000000,LIN,Inter-Byte Space
3.675612625000000,LIN,Data 3: 0
3.676106625000000,LIN,Inter-Byte Space
3.676131625000000,LIN,Data 4: 255
3.676625625000000,LIN,Inter-Byte Space
3.676650625000000,LIN,Data 5: 255
3.677144625000000,LIN,Inter-Byte Space
3.677169625000000,LIN,Data 6: 255
3.677663625000000,LIN,Inter-Byte Space
3.677688625000000,LIN,Data 7: 255
3.678182625000000,LIN,Inter-Byte Space
3.678207500000000,LIN,!CHK!
3.681580750000000,LIN,Header Break
3.682282750000000,LIN,Inter-Byte Space
3.682359000000000,LIN,Header Sync
3.682853000000000,LIN,Inter-Byte Space
3.682929625000000,LIN,Protected ID: 61
3.696576125000000,LIN,Header Break
3.697248250000000,LIN,Inter-Byte Space
3.697354250000000,LIN,Header Sync
3.697848250000000,LIN,Inter-Byte Space
3.698132500000000,LIN,Protected ID: 60
3.698626500000000,LIN,Inter-Byte Space
3.699014500000000,LIN,Data 0: 7
3.699508500000000,LIN,Inter-Byte Space
3.699533375000000,LIN,Data 1: 2
3.700027375000000,LIN,Inter-Byte Space
3.700052250000000,LIN,Data 2: 1
3.700546250000000,LIN,Inter-Byte Space
3.700571250000000,LIN,Data 3: 0
3.701065250000000,LIN,Inter-Byte Space
3.701090125000000,LIN,Data 4: 255
3.701584125000000,LIN,Inter-Byte Space
3.701609000000000,LIN,Data 5: 255
3.702103000000000,LIN,Inter-Byte Space
3.702128000000000,LIN,Data 6: 255
3.702622000000000,LIN,Inter-Byte Space
3.702646875000000,LIN,Data 7: 255
3.703140875000000,LIN,Inter-Byte Space
3.703165750000000,LIN,!CHK!
3.706538875000000,LIN,Header Break
3.707240875000000,LIN,Inter-Byte Space
3.707317250000000,LIN,Header Sync
3.707811250000000,LIN,Inter-Byte Space
3.707888125000000,LIN,Protected ID: 61
3.721536500000000,LIN,Header Break
3.722209000000000,LIN,Inter-Byte Space
3.722315000000000,LIN,Header Sync
3.722809000000000,LIN,Inter-Byte Space
3.723093625000000,LIN,Protected ID: 60
3.723587625000000,LIN,Inter-Byte Space
3.723924000000000,LIN,Data 0: 208
3.724418000000000,LIN,Inter-Byte Space
3.724443000000000,LIN,Data 1: 1
3.724937000000000,LIN,Inter-Byte Space
3.724962125000000,LIN,Data 2: 7
3.725456125000000,LIN,Inter-Byte Space
3.725481000000000,LIN,Data 3: 0
3.725975000000000,LIN,Inter-Byte Space
3.726000125000000,LIN,Data 4: 255
3.726494125000000,LIN,Inter-Byte Space
3.726519000000000,LIN,Data 5: 255
3.727013000000000,LIN,Inter-Byte Space
3.727038000000000,LIN,Data 6: 255
3.727532000000000,LIN,Inter-Byte Space
3.727557000000000,LIN,Data 7: 255
3.728051000000000,LIN,Inter-Byte Space
3.728076000000000,LIN,!CHK!
3.731501375000000,LIN,Header Break
3.732203375000000,LIN,Inter-Byte Space
3.732280000000000,LIN,Header Sync
3.732774000000000,LIN,Inter-Byte Space
3.733058500000000,LIN,Protected ID: 61
3.746501125000000,LIN,Header Break
3.747173625000000,LIN,Inter-Byte Space
3.747279625000000,LIN,Header Sync
3.747773625000000,LIN,Inter-Byte Space
3.748006250000000,LIN,Protected ID: 60
3.748500250000000,LIN,Inter-Byte Space
3.748888500000000,LIN,Data 0: 208
3.749382500000000,LIN,Inter-Byte Space
3.749407375000000,LIN,Data 1: 2
3.749901375000000,LIN,Inter-Byte Space
3.749926375000000,LIN,Data 2: 7
3.750420375000000,LIN,Inter-Byte Space
3.750445375000000,LIN,Data 3: 0
3.750939375000000,LIN,Inter-Byte Space
3.750964375000000,LIN,Data 4: 255
3.751458375000000,LIN,Inter-Byte Space
3.751483500000000,LIN,Data 5: 255
3.751977500000000,LIN,Inter-Byte Space
3.752002375000000,LIN,Data 6: 255
3.752496375000000,LIN,Inter-Byte Space
3.752521375000000,LIN,Data 7: 255
3.753015375000000,LIN,Inter-Byte Space
3.753040375000000,LIN,!CHK!
3.756465625000000,LIN,Header Break
3.757167625000000,LIN,Inter-Byte Space
3.757244000000000,LIN,Header Sync
3.757738000000000,LIN,Inter-Byte Space
3.758022500000000,LIN,Protected ID: 61
3.771724625000000,LIN,Header Break
3.772397000000000,LIN,Inter-Byte Space
3.772503000000000,LIN,Header Sync
3.772997000000000,LIN,Inter-Byte Space
3.773229625000000,LIN,Protected ID: 17
3.773723625000000,LIN,Inter-Byte Space
3.774060000000000,LIN,Data 0: 0
3.774554000000000,LIN,Inter-Byte Space
3.774579000000000,LIN,Data 1: 0
3.775073000000000,LIN,Inter-Byte Space
3.775098000000000,LIN,Data 2: 0
3.775592000000000,LIN,Inter-Byte Space
3.775616875000000,LIN,Checksum: 238
3.776655000000000,LIN,Header Break
3.777327375000000,LIN,Inter-Byte Space
3.777433500000000,LIN,Header Sync
3.777927500000000,LIN,Inter-Byte Space
3.778004375000000,LIN,Protected ID: 8
3.778498375000000,LIN,Inter-Byte Space
3.778799500000000,LIN,Data 0: 149
3.779293500000000,LIN,Inter-Byte Space
3.779369750000000,LIN,Data 1: 4
3.779863750000000,LIN,Inter-Byte Space
3.779940000000000,LIN,Data 2: 224
3.780434000000000,LIN,Inter-Byte Space
3.780510250000000,LIN,Checksum: 125
3.781637375000000,LIN,Header Break
3.782309750000000,LIN,Inter-Byte Space
3.782415875000000,LIN,Header Sync
3.782909875000000,LIN,Inter-Byte Space
3.782986750000000,LIN,Protected ID: 9
3.783480750000000,LIN,Inter-Byte Space
3.783834250000000,LIN,Data 0: 164
3.784328250000000,LIN,Inter-Byte Space
3.784404625000000,LIN,Data 1: 4
3.784898625000000,LIN,Inter-Byte Space
3.784975000000000,LIN,Data 2: 224
3.785469000000000,LIN,Inter-Byte Space
3.785545375000000,LIN,Checksum: 45
3.786671750000000,LIN,Header Break
3.787344125000000,LIN,Inter-Byte Space
3.787450125000000,LIN,Header Sync
3.787944125000000,LIN,Inter-Byte Space
3.788176750000000,LIN,Protected ID: 16
3.791653750000000,LIN,Header Break
3.792326125000000,LIN,Inter-Byte Space
3.792432250000000,LIN,Header Sync
3.792926250000000,LIN,Inter-Byte Space
3.793210750000000,LIN,Protected ID: 16
3.796635875000000,LIN,Header Break
3.797308250000000,LIN,Inter-Byte Space
3.797414375000000,LIN,Header Sync
3.797908375000000,LIN,Inter-Byte Space
3.798192750000000,LIN,Protected ID: 16
3.801618125000000,LIN,Header Break
3.802290625000000,LIN,Inter-Byte Space
3.802396625000000,LIN,Header Sync
3.802890625000000,LIN,Inter-Byte Space
3.803175125000000,LIN,Protected ID: 16
3.806600125000000,LIN,Header Break
3.807272625000000,LIN,Inter-Byte Space
3.807378625000000,LIN,Header Sync
3.807872625000000,LIN,Inter-Byte Space
3.807897625000000,LIN,Protected ID: 16
3.811633875000000,LIN,Header Break
3.812306250000000,LIN,Inter-Byte Space
3.812412375000000,LIN,Header Sync
3.812906375000000,LIN,Inter-Byte Space
3.813139000000000,LIN,Protected ID: 16
3.816616000000000,LIN,Header Break
3.817288375000000,LIN,Inter-Byte Space
3.817394500000000,LIN,Header Sync
3.817888500000000,LIN,Inter-Byte Space
3.818121000000000,LIN,Protected ID: 1
3.821598625000000,LIN,Header Break
3.822271125000000,LIN,Inter-Byte Space
3.822377125000000,LIN,Header Sync
3.822871125000000,LIN,Inter-Byte Space
3.823155750000000,LIN,Protected ID: 18
3.823649750000000,LIN,Inter-Byte Space
3.823986125000000,LIN,Data 0: 246
3.824480125000000,LIN,Inter-Byte Space
3.824505125000000,LIN,Data 1: 255
3.824999125000000,LIN,Inter-Byte Space
3.825024125000000,LIN,Data 2: 191
3.825518125000000,LIN,Inter-Byte Space
3.825543125000000,LIN,Data 3: 182
