T.BREAK,BREAK,T.SYNC,SYNC,T.PID,PID,T.D,Dn...
0.000541500000000,0,0.001319750000000,85,0.002098000000000,17,0.002927750000000,0,0.003446500000000,0,0.003965000000000,0,0.004483750000000,238
0.005521000000000,0,0.006298750000000,85,0.006817500000000,8,0.007665000000000,2,0.008235000000000,4,0.008805250000000,96,0.009375250000000,145
0.010499750000000,0,0.011277750000000,85,0.011848250000000,9,0.012747000000000,252,0.013317000000000,3,0.013887250000000,96,0.014457250000000,86
0.015530250000000,0,0.016308250000000,85,0.017034250000000,16
0.020510000000000,0,0.021288250000000,85,0.022014500000000,16
0.025490500000000,0,0.026268750000000,85,0.027046750000000,16
0.030470500000000,0,0.031248500000000,85,0.032026750000000,16
0.035450250000000,0,0.036228250000000,85,0.037006250000000,16
0.040482000000000,0,0.041260250000000,85,0.041986500000000,16
0.045462000000000,0,0.046240250000000,85,0.046966500000000,1
0.050442000000000,0,0.051220000000000,85,0.051946250000000,18,0.052828000000000,2,0.053347000000000,4,0.053865500000000,252,0.054384250000000,106
0.100346250000000,0,0.101124250000000,85,0.101850500000000,17,0.102680250000000,0,0.103199000000000,0,0.103717750000000,0,0.104236500000000,238
0.105274000000000,0,0.106052000000000,85,0.106570750000000,8,0.107366000000000,2,0.107936000000000,4,0.108506250000000,96,0.109076250000000,145
0.110253250000000,0,0.111031250000000,85,0.111601750000000,9,0.112604250000000,252,0.113174500000000,3,0.113744500000000,96,0.114314500000000,86
0.115284500000000,0,0.116062500000000,85,0.116788750000000,16
0.120264500000000,0,0.121042500000000,85,0.121820750000000,16
0.125244500000000,0,0.126022500000000,85,0.126800500000000,16
0.130224250000000,0,0.131002500000000,85,0.131780750000000,16
0.135204250000000,0,0.135982500000000,85,0.136501250000000,16
0.140236250000000,0,0.141014250000000,85,0.141740250000000,16
0.145215500000000,0,0.145993500000000,85,0.146720000000000,1
0.150196250000000,0,0.150974500000000,85,0.151700750000000,18,0.152582500000000,2,0.153101250000000,4,0.153620000000000,252,0.154138500000000,106
0.200097000000000,0,0.200875000000000,85,0.201601500000000,17,0.202431500000000,0,0.202950250000000,0,0.203469000000000,0,0.203987750000000,238
0.205025500000000,0,0.205803750000000,85,0.206374500000000,8,0.207221500000000,2,0.207791750000000,4,0.208361750000000,96,0.208932000000000,145
0.210006000000000,0,0.210784000000000,85,0.211354500000000,9,0.212305250000000,252,0.212875250000000,3,0.213445250000000,96,0.214015500000000,86
0.215037000000000,0,0.215815000000000,85,0.216541000000000,16
0.220016250000000,0,0.220794500000000,85,0.221572500000000,16
0.224995750000000,0,0.225773750000000,85,0.226552000000000,16
0.229975750000000,0,0.230753750000000,85,0.231532000000000,16
0.234955500000000,0,0.235733500000000,85,0.236252500000000,16
0.239987500000000,0,0.240765750000000,85,0.241492000000000,16
0.244968000000000,0,0.245746250000000,85,0.246472500000000,1
0.249948500000000,0,0.250727000000000,85,0.251505000000000,18,0.252335000000000,2,0.252853750000000,4,0.253372500000000,252,0.253891500000000,106
0.299860500000000,0,0.300638750000000,85,0.301365000000000,17,0.302195000000000,0,0.302713750000000,0,0.303232500000000,0,0.303751500000000,238
0.304789000000000,0,0.305567250000000,85,0.306138000000000,8,0.306933250000000,2,0.307503500000000,4,0.308073750000000,96,0.308644000000000,145
0.309821500000000,0,0.310599750000000,85,0.311326000000000,9,0.312121250000000,252,0.312691500000000,3,0.313261500000000,96,0.313831500000000,86
0.314801750000000,0,0.315579750000000,85,0.316358000000000,16
0.319781500000000,0,0.320559500000000,85,0.321337750000000,16
0.324761750000000,0,0.325540250000000,85,0.326318500000000,16
0.329743000000000,0,0.330521000000000,85,0.331040000000000,16
0.334775500000000,0,0.335553750000000,85,0.336280250000000,16
0.339756000000000,0,0.340534000000000,85,0.341260250000000,16
0.344736000000000,0,0.345514250000000,85,0.346240500000000,1
0.349716500000000,0,0.350494500000000,85,0.351272750000000,18,0.352102750000000,2,0.352621500000000,4,0.353140250000000,252,0.353659000000000,106
0.399617250000000,0,0.400395250000000,85,0.401121500000000,17,0.401951250000000,0,0.402470000000000,0,0.402988750000000,0,0.403507250000000,238
0.404544500000000,0,0.405322500000000,85,0.405893000000000,8,0.406585000000000,2,0.407155000000000,4,0.407725250000000,96,0.408295500000000,145
0.409575500000000,0,0.410353750000000,85,0.411079750000000,9,0.411771250000000,252,0.412341500000000,3,0.412911500000000,96,0.413481500000000,86
0.414555500000000,0,0.415333750000000,85,0.416112000000000,16
0.419536250000000,0,0.420314500000000,85,0.421092750000000,16
0.424516250000000,0,0.425294500000000,85,0.426072500000000,16
0.429496250000000,0,0.430274000000000,85,0.430792750000000,16
0.434527500000000,0,0.435305500000000,85,0.436031750000000,16
0.439507750000000,0,0.440286000000000,85,0.441012250000000,16
0.444488000000000,0,0.445266000000000,85,0.446044000000000,1
0.449467250000000,0,0.450245250000000,85,0.451023250000000,18,0.451853250000000,2,0.452372250000000,4,0.452891000000000,252,0.453409750000000,106
0.499374500000000,0,0.500152500000000,85,0.500879000000000,17,0.501709000000000,0,0.502227750000000,0,0.502746500000000,0,0.503265250000000,238
0.504302750000000,0,0.505081000000000,85,0.505651500000000,8,0.506706250000000,2,0.507276500000000,4,0.507846750000000,96,0.508416750000000,145
0.509334750000000,0,0.510112750000000,85,0.510891000000000,9,0.511789500000000,252,0.512359750000000,3,0.512929750000000,96,0.513499750000000,86
0.514314750000000,0,0.515092750000000,85,0.515871000000000,16
0.519295000000000,0,0.520073000000000,85,0.520851000000000,16
0.524274500000000,0,0.525052750000000,85,0.525571500000000,16
0.529306000000000,0,0.530084000000000,85,0.530810250000000,16
0.534285250000000,0,0.535063500000000,85,0.535789750000000,16
0.539265750000000,0,0.540043750000000,85,0.540770000000000,16
0.544246250000000,0,0.545024500000000,85,0.545802500000000,1
0.549226000000000,0,0.550004250000000,85,0.550782250000000,18,0.551612250000000,2,0.552131000000000,4,0.552649750000000,196,0.553168500000000,162
0.599129250000000,0,0.599907500000000,85,0.600633500000000,17,0.601463500000000,0,0.601982250000000,0,0.602500750000000,0,0.603019500000000,238
0.604056750000000,0,0.604834750000000,85,0.605405500000000,8,0.606096750000000,2,0.606666750000000,4,0.607237000000000,96,0.607807000000000,145
0.609088250000000,0,0.609866250000000,85,0.610644250000000,9,0.611335500000000,252,0.611905500000000,3,0.612475750000000,96,0.613045750000000,86
0.614068000000000,0,0.614846000000000,85,0.615624250000000,16
0.619047750000000,0,0.619826000000000,85,0.620604250000000,16
0.624028250000000,0,0.624806250000000,85,0.625325000000000,16
0.629060000000000,0,0.629838000000000,85,0.630564250000000,16
0.634040000000000,0,0.634818000000000,85,0.635544000000000,16
0.639019000000000,0,0.639796750000000,85,0.640574750000000,16
0.643998000000000,0,0.644776000000000,85,0.645554000000000,1
0.648978250000000,0,0.649756250000000,85,0.650534500000000,18,0.651364500000000,2,0.651883250000000,4,0.652402000000000,133,0.652920750000000,225
0.698883750000000,0,0.699661750000000,85,0.700388250000000,17,0.701218250000000,0,0.701737000000000,0,0.702256000000000,0,0.702774750000000,238
0.703864250000000,0,0.704642250000000,85,0.705420500000000,8,0.706112250000000,2,0.706682250000000,4,0.707252500000000,2,0.707822500000000,239
0.708844750000000,0,0.709623000000000,85,0.710401000000000,9,0.711092500000000,252,0.711662750000000,3,0.712232750000000,2,0.712803000000000,180
0.713825250000000,0,0.714603500000000,85,0.715381500000000,16
0.718806000000000,0,0.719584250000000,85,0.720103000000000,16
0.723838500000000,0,0.724616750000000,85,0.725343000000000,16
0.728818500000000,0,0.729596500000000,85,0.730322750000000,16
0.733798000000000,0,0.734576000000000,85,0.735302250000000,16
0.738777250000000,0,0.739555500000000,85,0.740333500000000,16
0.743757000000000,0,0.744535000000000,85,0.745313000000000,1
0.748736750000000,0,0.749515000000000,85,0.750293000000000,18,0.751123000000000,2,0.751641500000000,4,0.752160250000000,133,0.752679000000000,225
0.798641000000000,0,0.799419250000000,85,0.800145500000000,17,0.801027500000000,0,0.801546250000000,0,0.802065000000000,0,0.802583750000000,238
0.803621250000000,0,0.804399250000000,85,0.805177250000000,8,0.806179750000000,2,0.806749750000000,4,0.807320000000000,2,0.807890000000000,239
0.808601250000000,0,0.809379250000000,85,0.810157500000000,9,0.810900750000000,252,0.811471000000000,3,0.812041000000000,2,0.812611250000000,180
0.813581500000000,0,0.814359500000000,85,0.815138000000000,16
0.818562000000000,0,0.819340000000000,85,0.819858750000000,16
0.823594500000000,0,0.824372500000000,85,0.825099000000000,16
0.828574250000000,0,0.829352250000000,85,0.830078250000000,16
0.833553250000000,0,0.834331000000000,85,0.835109250000000,16
0.838532500000000,0,0.839310500000000,85,0.840088500000000,16
0.843512000000000,0,0.844290000000000,85,0.845068000000000,1
0.848491000000000,0,0.849269000000000,85,0.849787500000000,18,0.850617500000000,2,0.851136250000000,4,0.851655000000000,133,0.852173750000000,225
0.898389750000000,0,0.899167750000000,85,0.899945500000000,17,0.900775500000000,0,0.901294000000000,0,0.901812750000000,0,0.902331250000000,238
0.903368500000000,0,0.904146500000000,85,0.904924250000000,8,0.905823250000000,255,0.906393500000000,3,0.906963500000000,2,0.907533500000000,242
0.908347000000000,0,0.909125000000000,85,0.909903000000000,9,0.910853750000000,249,0.911424000000000,3,0.911994250000000,2,0.912564250000000,183
0.913326250000000,0,0.914104500000000,85,0.914623000000000,16
0.918306000000000,0,0.919083750000000,85,0.919654500000000,16
0.923337000000000,0,0.924115000000000,85,0.924841250000000,16
0.928316500000000,0,0.929094750000000,85,0.929820750000000,16
0.933295750000000,0,0.934073750000000,85,0.934851750000000,16
0.938274750000000,0,0.939053000000000,85,0.939831000000000,16
0.943254000000000,0,0.944032000000000,85,0.944810250000000,1
0.948285500000000,0,0.949063500000000,85,0.949789750000000,18,0.950619750000000,255,0.951138500000000,3,0.951657250000000,133,0.952176000000000,228
0.998136000000000,0,0.998914250000000,85,0.999692500000000,17,1.000522500000000,0,1.001041250000000,0,1.001560000000000,0,1.002078750000000,238
1.003116250000000,0,1.003894500000000,85,1.004672500000000,8,1.005519750000000,243,1.006089750000000,3,1.006659750000000,2,1.007230000000000,254
1.008096750000000,0,1.008875000000000,85,1.009653250000000,9,1.010551750000000,234,1.011122000000000,3,1.011692000000000,2,1.012262000000000,198
1.013076500000000,0,1.013854500000000,85,1.014373250000000,16
1.018107500000000,0,1.018885500000000,85,1.019611750000000,16
1.023086500000000,0,1.023864500000000,85,1.024590750000000,16
1.028065750000000,0,1.028843500000000,85,1.029621500000000,16
1.033045000000000,0,1.033823000000000,85,1.034601250000000,16
1.038024750000000,0,1.038802750000000,85,1.039580750000000,16
1.043004250000000,0,1.043782000000000,85,1.044300750000000,1
1.048035500000000,0,1.048813750000000,85,1.049540000000000,18,1.050369750000000,243,1.050888500000000,3,1.051407250000000,133,1.051926000000000,240
1.097882750000000,0,1.098660750000000,85,1.099439000000000,17,1.100268750000000,0,1.100787500000000,0,1.101306250000000,0,1.101825250000000,238
1.102862500000000,0,1.103640500000000,85,1.104418750000000,8,1.105162250000000,222,1.105732250000000,3,1.106302500000000,2,1.106872500000000,20
1.107842000000000,0,1.108620000000000,85,1.109138500000000,9,1.109934000000000,213,1.110504000000000,3,1.111074000000000,2,1.111644000000000,219
1.112821250000000,0,1.113599250000000,85,1.114169750000000,16
1.117852750000000,0,1.118630750000000,85,1.119357000000000,16
1.122832000000000,0,1.123610000000000,85,1.124336250000000,16
1.127812250000000,0,1.128590500000000,85,1.129368750000000,16
1.132792500000000,0,1.133570750000000,85,1.134349000000000,16
1.137772500000000,0,1.138550500000000,85,1.139328500000000,16
1.142803250000000,0,1.143581500000000,85,1.144307750000000,1
1.147783500000000,0,1.148561500000000,85,1.149288000000000,18,1.150118000000000,222,1.150636750000000,3,1.151155750000000,133,1.151674500000000,6
1.197636750000000,0,1.198414750000000,85,1.199193000000000,17,1.200022750000000,0,1.200541500000000,0,1.201060250000000,0,1.201579000000000,238
1.202616500000000,0,1.203394750000000,85,1.204172750000000,8,1.204864000000000,195,1.205434000000000,3,1.206004250000000,2,1.206574250000000,47
1.207596500000000,0,1.208374750000000,85,1.208893500000000,9,1.209688500000000,183,1.210258500000000,3,1.210828500000000,2,1.211398500000000,249
1.212576250000000,0,1.213354250000000,85,1.213924750000000,16
1.217608250000000,0,1.218386250000000,85,1.219112750000000,16
1.222588500000000,0,1.223366750000000,85,1.224145000000000,16
1.227569000000000,0,1.228347000000000,85,1.229125250000000,16
1.232549500000000,0,1.233327750000000,85,1.234106000000000,16
1.237530000000000,0,1.238308250000000,85,1.238827250000000,16
1.242562500000000,0,1.243341000000000,85,1.244067250000000,1
1.247543250000000,0,1.248321500000000,85,1.249047750000000,18,1.249878000000000,195,1.250396750000000,3,1.250915500000000,133,1.251434500000000,33
1.297402750000000,0,1.298180750000000,85,1.298959000000000,17,1.299789000000000,0,1.300307750000000,0,1.300826500000000,0,1.301345250000000,238
1.302382750000000,0,1.303160750000000,85,1.303679500000000,8,1.304371000000000,162,1.304941250000000,3,1.305511250000000,2,1.306081500000000,80
1.307362750000000,0,1.308141000000000,85,1.308711750000000,9,1.309507000000000,150,1.310077000000000,3,1.310647250000000,2,1.311217250000000,27
1.312343000000000,0,1.313121250000000,85,1.313692000000000,16
1.317375500000000,0,1.318153750000000,85,1.318879750000000,16
1.322355250000000,0,1.323133750000000,85,1.323911750000000,16
1.327335250000000,0,1.328113250000000,85,1.328891250000000,16
1.332314750000000,0,1.333092750000000,85,1.333871000000000,16
1.337346500000000,0,1.338124750000000,85,1.338851000000000,16
1.342327250000000,0,1.343105250000000,85,1.343831500000000,1
1.347307500000000,0,1.348085500000000,85,1.348811750000000,18,1.349693750000000,162,1.350212500000000,3,1.350731250000000,133,1.351250000000000,66
1.397213750000000,0,1.397992000000000,85,1.398718250000000,17,1.399548250000000,0,1.400067250000000,0,1.400586000000000,0,1.401104750000000,238
1.402142000000000,0,1.402920000000000,85,1.403438750000000,8,1.404182250000000,129,1.404752500000000,3,1.405322500000000,2,1.405892500000000,113
1.407121250000000,0,1.407899000000000,85,1.408469500000000,9,1.409264750000000,117,1.409834750000000,3,1.410405000000000,2,1.410975000000000,60
1.412151750000000,0,1.412929750000000,85,1.413655750000000,16
1.417130750000000,0,1.417909000000000,85,1.418687000000000,16
1.422110750000000,0,1.422889000000000,85,1.423667250000000,16
1.427091250000000,0,1.427869250000000,85,1.428647500000000,16
1.432071250000000,0,1.432849500000000,85,1.433368000000000,16
1.437102750000000,0,1.437880750000000,85,1.438607000000000,16
1.442082250000000,0,1.442860250000000,85,1.443586500000000,1
1.447062250000000,0,1.447840250000000,85,1.448566500000000,18,1.449448250000000,129,1.449967000000000,3,1.450485750000000,133,1.451004500000000,99
1.496964500000000,0,1.497742500000000,85,1.498468750000000,17,1.499298750000000,0,1.499817500000000,0,1.500336250000000,0,1.500855000000000,238
1.501892500000000,0,1.502670500000000,85,1.503241250000000,8,1.504192000000000,96,1.504762250000000,3,1.505332250000000,2,1.505902500000000,146
1.506873000000000,0,1.507651000000000,85,1.508221750000000,9,1.509120500000000,87,1.509690750000000,3,1.510260750000000,2,1.510831000000000,90
1.511905000000000,0,1.512683000000000,85,1.513409500000000,16
1.516885500000000,0,1.517663750000000,85,1.518442000000000,16
1.521866000000000,0,1.522644250000000,85,1.523422500000000,16
1.526846750000000,0,1.527625000000000,85,1.528403250000000,16
1.531827500000000,0,1.532605750000000,85,1.533124500000000,16
1.536860250000000,0,1.537638500000000,85,1.538364750000000,16
1.541840750000000,0,1.542619000000000,85,1.543345250000000,1
1.546821000000000,0,1.547599000000000,85,1.548377250000000,18,1.549207250000000,96,1.549726250000000,3,1.550245000000000,133,1.550763750000000,132
1.596729000000000,0,1.597507250000000,85,1.598233500000000,17,1.599063750000000,0,1.599582500000000,0,1.600101500000000,0,1.600620250000000,238
1.601657750000000,0,1.602436000000000,85,1.603006750000000,8,1.603853750000000,63,1.604423750000000,3,1.604993750000000,2,1.605564000000000,179
1.606690500000000,0,1.607468750000000,85,1.608195000000000,9,1.609145500000000,54,1.609715500000000,3,1.610285500000000,2,1.610855750000000,123
1.611671000000000,0,1.612449000000000,85,1.613227250000000,16
1.616651500000000,0,1.617429500000000,85,1.618207750000000,16
1.621631500000000,0,1.622409750000000,85,1.623188000000000,16
1.626612250000000,0,1.627390500000000,85,1.627909250000000,16
1.631645000000000,0,1.632423250000000,85,1.633149750000000,16
1.636626000000000,0,1.637404250000000,85,1.638130500000000,16
1.641607000000000,0,1.642385250000000,85,1.643111500000000,1
1.646587500000000,0,1.647365750000000,85,1.648143750000000,18,1.648974000000000,63,1.649492750000000,3,1.650011750000000,133,1.650530500000000,165
1.696498000000000,0,1.697276250000000,85,1.698002500000000,17,1.698832500000000,0,1.699351500000000,0,1.699870250000000,0,1.700389000000000,238
1.701426750000000,0,1.702204750000000,85,1.702775500000000,8,1.703519000000000,30,1.704089250000000,3,1.704659250000000,2,1.705229500000000,212
1.706458750000000,0,1.707237000000000,85,1.707963500000000,9,1.708810500000000,24,1.709380750000000,3,1.709950750000000,2,1.710521000000000,153
1.711439750000000,0,1.712218000000000,85,1.712996250000000,16
1.716420500000000,0,1.717198750000000,85,1.717976750000000,16
1.721401250000000,0,1.722179500000000,85,1.722957750000000,16
1.726382000000000,0,1.727160000000000,85,1.727678750000000,16
1.731413750000000,0,1.732191750000000,85,1.732918250000000,16
1.736394250000000,0,1.737172500000000,85,1.737898750000000,16
1.741375250000000,0,1.742153500000000,85,1.742931750000000,1
1.746356250000000,0,1.747134500000000,85,1.747912750000000,18,1.748743000000000,30,1.749261750000000,3,1.749780500000000,133,1.750299500000000,198
1.796260750000000,0,1.797038750000000,85,1.797765000000000,17,1.798595000000000,0,1.799113500000000,0,1.799632250000000,0,1.800150750000000,238
1.801188250000000,0,1.801966000000000,85,1.802536750000000,8,1.803539250000000,0,1.804109250000000,3,1.804679500000000,2,1.805249500000000,242
1.806219500000000,0,1.806997500000000,85,1.807775500000000,9,1.808622750000000,247,1.809193000000000,2,1.809763000000000,2,1.810333250000000,186
1.811199250000000,0,1.811977250000000,85,1.812755500000000,16
1.816179000000000,0,1.816957000000000,85,1.817735000000000,16
1.821158500000000,0,1.821936500000000,85,1.822455250000000,16
1.826190500000000,0,1.826968500000000,85,1.827695000000000,16
1.831170750000000,0,1.831949000000000,85,1.832675250000000,16
1.836150000000000,0,1.836928000000000,85,1.837654000000000,16
1.841129000000000,0,1.841907000000000,85,1.842685250000000,1
1.846108500000000,0,1.846886500000000,85,1.847664500000000,18,1.848494500000000,0,1.849013250000000,3,1.849532250000000,133,1.850051000000000,228
1.896010250000000,0,1.896788250000000,85,1.897514500000000,17,1.898344500000000,0,1.898863250000000,0,1.899382000000000,0,1.899900500000000,238
1.900938000000000,0,1.901716250000000,85,1.902286750000000,8,1.903185750000000,223,1.903755750000000,2,1.904325750000000,2,1.904896000000000,20
1.905969250000000,0,1.906747250000000,85,1.907525500000000,9,1.908268750000000,217,1.908839000000000,2,1.909409250000000,2,1.909979500000000,216
1.910948500000000,0,1.911726250000000,85,1.912504000000000,16
1.915927250000000,0,1.916705500000000,85,1.917483500000000,16
1.920906500000000,0,1.921684500000000,85,1.922203000000000,16
1.925937750000000,0,1.926715750000000,85,1.927441750000000,16
1.930916250000000,0,1.931694250000000,85,1.932420500000000,16
1.935896000000000,0,1.936674000000000,85,1.937452250000000,16
1.940875750000000,0,1.941654000000000,85,1.942432000000000,1
1.945855250000000,0,1.946633250000000,85,1.947411500000000,18,1.948241500000000,223,1.948760250000000,2,1.949279000000000,133,1.949797750000000,6
1.995753500000000,0,1.996531750000000,85,1.997257750000000,17,1.998088000000000,0,1.998606750000000,0,1.999125500000000,0,1.999644250000000,238
2.000733500000000,0,2.001511500000000,85,2.002289500000000,8,2.003240250000000,190,2.003810500000000,2,2.004380500000000,2,2.004950500000000,53
2.005713000000000,0,2.006491250000000,85,2.007269250000000,9,2.008168000000000,184,2.008738250000000,2,2.009308250000000,2,2.009878250000000,249
2.010692750000000,0,2.011470750000000,85,2.012249000000000,16
2.015672250000000,0,2.016450500000000,85,2.016969000000000,16
2.020703750000000,0,2.021481750000000,85,2.022208000000000,16
2.025683250000000,0,2.026461250000000,85,2.027187500000000,16
2.030663000000000,0,2.031441250000000,85,2.032167250000000,16
2.035642500000000,0,2.036420750000000,85,2.037198750000000,16
2.040622250000000,0,2.041400250000000,85,2.042178250000000,1
2.045601750000000,0,2.046380000000000,85,2.047158000000000,18,2.047987750000000,76,2.048506250000000,2,2.049025000000000,135,2.049543750000000,151
2.095503000000000,0,2.096281000000000,85,2.097007250000000,17,2.097889000000000,0,2.098407750000000,0,2.098926500000000,0,2.099445250000000,238
2.100482750000000,0,2.101260750000000,85,2.102039000000000,8,2.102937750000000,157,2.103507750000000,2,2.104078000000000,3,2.104648250000000,85
2.105462250000000,0,2.106240250000000,85,2.107018500000000,9,2.107865250000000,151,2.108435500000000,2,2.109005750000000,3,2.109575750000000,26
2.110442000000000,0,2.111220250000000,85,2.111998250000000,16
2.115422000000000,0,2.116200000000000,85,2.116718750000000,16
2.120453750000000,0,2.121231750000000,85,2.121958000000000,16
2.125433500000000,0,2.126211500000000,85,2.126937750000000,16
2.130413500000000,0,2.131191750000000,85,2.131969750000000,16
2.135393500000000,0,2.136171750000000,85,2.136949750000000,16
2.140373000000000,0,2.141151000000000,85,2.141928750000000,1
2.145352500000000,0,2.146130500000000,85,2.146649250000000,18,2.147479250000000,76,2.147997750000000,2,2.148516500000000,135,2.149035250000000,151
2.195244000000000,0,2.196022000000000,85,2.196800250000000,17,2.197630000000000,0,2.198148750000000,0,2.198667500000000,0,2.199186250000000,238
2.200223500000000,0,2.201001500000000,85,2.201779500000000,8,2.202626750000000,136,2.203196750000000,2,2.203767000000000,3,2.204337000000000,106
2.205202500000000,0,2.205980500000000,85,2.206758500000000,9,2.207553750000000,130,2.208123750000000,2,2.208693750000000,3,2.209263750000000,47
2.210181000000000,0,2.210958750000000,85,2.211477250000000,16
2.215159500000000,0,2.215937500000000,85,2.216508000000000,16
2.220189750000000,0,2.220967750000000,85,2.221693750000000,16
2.225168250000000,0,2.225946250000000,85,2.226672250000000,16
2.230147500000000,0,2.230925500000000,85,2.231703500000000,16
2.235126750000000,0,2.235904750000000,85,2.236682750000000,16
2.240105750000000,0,2.240883750000000,85,2.241661500000000,1
2.245136500000000,0,2.245914500000000,85,2.246640750000000,18,2.247470750000000,76,2.247989500000000,2,2.248508250000000,135,2.249026750000000,151
2.294985000000000,0,2.295763000000000,85,2.296541000000000,17,2.297371000000000,0,2.297889750000000,0,2.298408500000000,0,2.298927000000000,238
2.299964500000000,0,2.300742500000000,85,2.301520500000000,8,2.302315750000000,127,2.302885750000000,2,2.303456000000000,3,2.304026000000000,115
2.304943750000000,0,2.305721500000000,85,2.306499500000000,9,2.307242500000000,118,2.307812750000000,2,2.308382750000000,3,2.308952750000000,59
2.309922750000000,0,2.310700750000000,85,2.311219750000000,16
2.314954750000000,0,2.315732750000000,85,2.316459000000000,16
2.319934250000000,0,2.320712500000000,85,2.321438750000000,16
2.324914000000000,0,2.325692000000000,85,2.326470000000000,16
2.329893500000000,0,2.330671500000000,85,2.331449500000000,16
2.334873250000000,0,2.335651250000000,85,2.336429250000000,16
2.339853250000000,0,2.340631250000000,85,2.341150000000000,1
2.344884750000000,0,2.345662750000000,85,2.346389000000000,18,2.347219000000000,127,2.347737750000000,2,2.348256250000000,132,2.348775000000000,103
2.394731250000000,0,2.395509250000000,85,2.396287500000000,17,2.397117250000000,0,2.397636000000000,0,2.398154750000000,0,2.398673500000000,238
2.399710750000000,0,2.400489000000000,85,2.401267000000000,8,2.401958000000000,121,2.402528000000000,2,2.403098000000000,96,2.403668000000000,28
2.404690500000000,0,2.405468500000000,85,2.405987000000000,9,2.406834000000000,115,2.407404000000000,2,2.407974250000000,96,2.408544500000000,224
2.409669000000000,0,2.410447000000000,85,2.411017500000000,16
2.414699250000000,0,2.415477250000000,85,2.416203750000000,16
2.419679250000000,0,2.420457250000000,85,2.421183500000000,16
2.424659250000000,0,2.425437500000000,85,2.426215500000000,16
2.429639000000000,0,2.430417000000000,85,2.431195000000000,16
2.434618250000000,0,2.435396250000000,85,2.436174250000000,16
2.439649500000000,0,2.440427750000000,85,2.441154000000000,1
2.444629500000000,0,2.445407500000000,85,2.446133750000000,18,2.446963750000000,121,2.447482250000000,2,2.448001000000000,252,2.448519750000000,244
2.494477750000000,0,2.495256000000000,85,2.496034250000000,17,2.496864250000000,0,2.497383000000000,0,2.497901750000000,0,2.498420500000000,238
2.499457750000000,0,2.500235500000000,85,2.501013500000000,8,2.501756500000000,121,2.502326750000000,2,2.502896750000000,96,2.503466750000000,28
2.504437500000000,0,2.505215750000000,85,2.505734500000000,9,2.506529500000000,115,2.507099500000000,2,2.507669750000000,96,2.508239750000000,224
2.509417750000000,0,2.510195750000000,85,2.510766250000000,16
2.514449750000000,0,2.515228000000000,85,2.515954250000000,16
2.519429500000000,0,2.520207750000000,85,2.520986000000000,16
2.524409750000000,0,2.525187750000000,85,2.525965750000000,16
2.529389500000000,0,2.530167750000000,85,2.530945750000000,16
2.534369500000000,0,2.535147750000000,85,2.535666250000000,16
2.539401500000000,0,2.540179500000000,85,2.540905750000000,1
2.544380500000000,0,2.545158500000000,85,2.545884500000000,18,2.546714250000000,121,2.547233000000000,2,2.547751750000000,252,2.548270250000000,244
2.594224500000000,0,2.595002500000000,85,2.595780500000000,17,2.596610500000000,0,2.597129000000000,0,2.597647750000000,0,2.598166250000000,238
2.599203500000000,0,2.599981500000000,85,2.600500000000000,8,2.601295000000000,121,2.601865000000000,2,2.602435000000000,96,2.603005000000000,28
2.604182500000000,0,2.604960500000000,85,2.605531250000000,9,2.606222500000000,115,2.606792500000000,2,2.607362500000000,96,2.607932500000000,224
2.609162000000000,0,2.609940000000000,85,2.610510500000000,16
2.614193500000000,0,2.614971500000000,85,2.615697750000000,16
2.619172750000000,0,2.619950750000000,85,2.620728750000000,16
2.624152000000000,0,2.624930000000000,85,2.625707750000000,16
2.629131000000000,0,2.629909250000000,85,2.630687000000000,16
2.634161250000000,0,2.634939250000000,85,2.635665250000000,16
2.639140500000000,0,2.639918500000000,85,2.640644750000000,1
2.644119500000000,0,2.644897250000000,85,2.645623250000000,18,2.646505000000000,121,2.647023500000000,2,2.647542250000000,252,2.648061000000000,244
2.694017500000000,0,2.694795500000000,85,2.695521500000000,17,2.696351250000000,0,2.696870000000000,0,2.697388500000000,0,2.697907000000000,238
2.698944250000000,0,2.699722250000000,85,2.700241000000000,8,2.700932250000000,121,2.701502500000000,2,2.702072500000000,96,2.702642750000000,28
2.703923500000000,0,2.704701500000000,85,2.705271750000000,9,2.706274500000000,115,2.706844500000000,2,2.707414500000000,96,2.707984500000000,224
2.708953750000000,0,2.709731750000000,85,2.710457750000000,16
2.713932750000000,0,2.714710750000000,85,2.715488750000000,16
2.718912000000000,0,2.719690000000000,85,2.720468000000000,16
2.723892000000000,0,2.724670000000000,85,2.725448250000000,16
2.728872000000000,0,2.729650000000000,85,2.730168750000000,16
2.733903750000000,0,2.734681750000000,85,2.735408000000000,16
2.738883250000000,0,2.739661250000000,85,2.740387500000000,1
2.743863000000000,0,2.744641000000000,85,2.745367250000000,18,2.746249250000000,121,2.746768000000000,2,2.747286750000000,252,2.747805250000000,244
2.793762250000000,0,2.794540250000000,85,2.795266250000000,17,2.796096250000000,0,2.796614750000000,0,2.797133500000000,0,2.797652000000000,238
2.798689500000000,0,2.799467500000000,85,2.800038000000000,8,2.800936750000000,121,2.801506750000000,2,2.802076750000000,96,2.802646750000000,28
2.803669250000000,0,2.804447250000000,85,2.805018000000000,9,2.805916750000000,115,2.806486750000000,2,2.807056750000000,96,2.807626750000000,224
2.808701250000000,0,2.809479250000000,85,2.810205500000000,16
2.813681250000000,0,2.814459250000000,85,2.815237250000000,16
2.818661000000000,0,2.819439000000000,85,2.820217250000000,16
2.823640750000000,0,2.824418750000000,85,2.825196750000000,16
2.828620000000000,0,2.829398000000000,85,2.829916500000000,16
2.833651500000000,0,2.834429500000000,85,2.835155750000000,16
2.838631250000000,0,2.839409000000000,85,2.840135000000000,1
2.843610000000000,0,2.844388000000000,85,2.845166000000000,18,2.845996000000000,121,2.846514750000000,2,2.847033250000000,252,2.847551750000000,244
2.893506750000000,0,2.894285000000000,85,2.895011250000000,17,2.895841250000000,0,2.896360000000000,0,2.896878750000000,0,2.897397500000000,238
2.898434750000000,0,2.899213000000000,85,2.899783500000000,8,2.900578500000000,121,2.901148500000000,2,2.901718500000000,96,2.902288500000000,28
2.903466250000000,0,2.904244250000000,85,2.904970500000000,9,2.905869500000000,115,2.906439500000000,2,2.907009500000000,96,2.907579750000000,224
2.908446250000000,0,2.909224250000000,85,2.910002500000000,16
2.913426250000000,0,2.914204250000000,85,2.914982500000000,16
2.918405750000000,0,2.919183750000000,85,2.919961750000000,16
2.923385000000000,0,2.924163250000000,85,2.924682000000000,16
2.928417000000000,0,2.929195250000000,85,2.929921500000000,16
2.933397000000000,0,2.934175000000000,85,2.934901250000000,16
2.938376250000000,0,2.939154250000000,85,2.939880750000000,1
2.943356250000000,0,2.944134500000000,85,2.944912750000000,18,2.945742750000000,121,2.946261500000000,2,2.946780250000000,252,2.947299000000000,244
2.993260500000000,0,2.994038500000000,85,2.994764750000000,17,2.995594750000000,0,2.996113250000000,0,2.996632000000000,0,2.997150750000000,238
2.998188500000000,0,2.998966500000000,85,2.999537250000000,8,3.000435750000000,121,3.001005750000000,2,3.001575500000000,96,3.002145500000000,28
3.003220500000000,0,3.003998500000000,85,3.004724750000000,9,3.005520250000000,115,3.006090500000000,2,3.006660750000000,96,3.007230750000000,224
3.008200500000000,0,3.008978500000000,85,3.009756750000000,16
3.013180500000000,0,3.013958750000000,85,3.014737000000000,16
3.018161250000000,0,3.018939500000000,85,3.019717750000000,16
3.023141750000000,0,3.023920000000000,85,3.024438750000000,16
3.028173500000000,0,3.028951500000000,85,3.029677750000000,16
3.033153250000000,0,3.033931250000000,85,3.034657500000000,16
3.038133000000000,0,3.038911000000000,85,3.039689250000000,1
3.043113250000000,0,3.043891250000000,85,3.044669250000000,18,3.045499250000000,121,3.046018000000000,2,3.046536750000000,252,3.047055250000000,244
3.093019500000000,0,3.093797750000000,85,3.094524000000000,17,3.095354000000000,0,3.095872750000000,0,3.096391750000000,0,3.096910500000000,238
3.097948250000000,0,3.098726500000000,85,3.099297000000000,8,3.100040250000000,121,3.100610250000000,2,3.101180250000000,96,3.101750500000000,28
3.102979250000000,0,3.103757250000000,85,3.104535250000000,9,3.105278750000000,115,3.105849000000000,2,3.106419250000000,96,3.106989500000000,224
3.107958750000000,0,3.108736750000000,85,3.109515000000000,16
3.112939000000000,0,3.113717000000000,85,3.114495250000000,16
3.117919250000000,0,3.118697500000000,85,3.119216250000000,16
3.122951250000000,0,3.123729250000000,85,3.124455500000000,16
3.127930750000000,0,3.128708750000000,85,3.129434750000000,16
3.132910250000000,0,3.133688250000000,85,3.134414500000000,16
3.137890000000000,0,3.138668000000000,85,3.139446000000000,1
3.142869750000000,0,3.143648000000000,85,3.144426250000000,18,3.145256250000000,121,3.145775000000000,2,3.146293750000000,196,3.146812500000000,45
3.192773250000000,0,3.193551250000000,85,3.194277500000000,17,3.195107250000000,0,3.195625750000000,0,3.196144500000000,0,3.196663250000000,238
3.197700500000000,0,3.198478500000000,85,3.199049000000000,8,3.199740500000000,121,3.200310500000000,2,3.200880500000000,96,3.201450500000000,28
3.202732250000000,0,3.203510250000000,85,3.204288500000000,9,3.204980000000000,115,3.205550250000000,2,3.206120500000000,96,3.206690750000000,224
3.207712250000000,0,3.208490250000000,85,3.209268500000000,16
3.212692000000000,0,3.213470250000000,85,3.214248500000000,16
3.217672500000000,0,3.218450750000000,85,3.218969500000000,16
3.222704250000000,0,3.223482250000000,85,3.224208500000000,16
3.227684000000000,0,3.228462000000000,85,3.229188250000000,16
3.232663750000000,0,3.233441750000000,85,3.234219750000000,16
3.237643250000000,0,3.238421250000000,85,3.239199250000000,1
3.242622750000000,0,3.243400750000000,85,3.244178750000000,18,3.245008750000000,115,3.245527250000000,2,3.246046000000000,134,3.246564500000000,113
3.292523000000000,0,3.293301000000000,85,3.294027250000000,17,3.294857250000000,0,3.295376000000000,0,3.295894750000000,0,3.296413500000000,238
3.297503000000000,0,3.298281000000000,85,3.299059000000000,8,3.299905750000000,121,3.300475750000000,2,3.301046000000000,2,3.301616000000000,122
3.302482750000000,0,3.303260750000000,85,3.304039000000000,9,3.304989750000000,115,3.305560000000000,2,3.306130000000000,2,3.306700250000000,63
3.307463250000000,0,3.308241500000000,85,3.309019750000000,16
3.312443500000000,0,3.313221500000000,85,3.313740250000000,16
3.317475250000000,0,3.318253250000000,85,3.318979500000000,16
3.322455250000000,0,3.323233250000000,85,3.323959750000000,16
3.327435750000000,0,3.328213750000000,85,3.328940000000000,16
3.332415750000000,0,3.333193750000000,85,3.333971750000000,16
3.337395750000000,0,3.338174000000000,85,3.338952000000000,1
3.342376250000000,0,3.343154500000000,85,3.343932750000000,18,3.344762750000000,115,3.345281500000000,2,3.345800250000000,134,3.346319000000000,113
3.392283000000000,0,3.393061000000000,85,3.393787500000000,17,3.394669500000000,0,3.395188000000000,0,3.395707000000000,0,3.396225750000000,238
3.397263000000000,0,3.398041250000000,85,3.398819250000000,8,3.399562500000000,121,3.400132500000000,2,3.400702500000000,2,3.401272500000000,122
3.402243500000000,0,3.403022000000000,85,3.403800250000000,9,3.404699000000000,115,3.405269250000000,2,3.405839250000000,2,3.406409500000000,63
3.407224750000000,0,3.408003000000000,85,3.408781250000000,16
3.412205500000000,0,3.412983750000000,85,3.413502500000000,16
3.417237500000000,0,3.418015500000000,85,3.418741750000000,16
3.422217000000000,0,3.422995000000000,85,3.423721500000000,16
3.427196750000000,0,3.427974500000000,85,3.428752500000000,16
3.432176000000000,0,3.432954250000000,85,3.433732500000000,16
3.437157000000000,0,3.437935250000000,85,3.438713250000000,1
3.442137500000000,0,3.442915750000000,85,3.443434500000000,18,3.444264750000000,115,3.444783500000000,2,3.445302250000000,134,3.445821000000000,113
3.492041750000000,0,3.492819750000000,85,3.493597750000000,17,3.494427500000000,0,3.494946000000000,0,3.495464750000000,0,3.495983500000000,238
3.497020750000000,0,3.497798750000000,85,3.498576750000000,8,3.499579250000000,124,3.500149250000000,2,3.500719250000000,2,3.501289250000000,119
3.501999750000000,0,3.502777500000000,85,3.503555500000000,9,3.504351000000000,118,3.504921000000000,2,3.505491250000000,2,3.506061250000000,60
3.506979000000000,0,3.507757250000000,85,3.508276000000000,16
3.511959250000000,0,3.512737500000000,85,3.513308250000000,16
3.516991500000000,0,3.517769500000000,85,3.518495750000000,16
3.521971750000000,0,3.522749750000000,85,3.523476250000000,16
3.526952000000000,0,3.527730250000000,85,3.528508250000000,16
3.531931250000000,0,3.532709250000000,85,3.533487500000000,16
3.536911250000000,0,3.537689000000000,85,3.538467250000000,1
3.541942750000000,0,3.542720750000000,85,3.543447000000000,18,3.544277000000000,118,3.544795750000000,2,3.545314500000000,134,3.545833250000000,110
3.591794250000000,0,3.592572250000000,85,3.593350250000000,17,3.594180000000000,0,3.594698750000000,0,3.595217250000000,0,3.595736000000000,238
3.596773250000000,0,3.597551250000000,85,3.598329500000000,8,3.599227750000000,136,3.599797750000000,2,3.600367500000000,2,3.600937500000000,107
3.601753250000000,0,3.602531250000000,85,3.603309250000000,9,3.604000750000000,133,3.604570750000000,2,3.605141000000000,2,3.605711000000000,45
3.606733500000000,0,3.607511500000000,85,3.608030250000000,16
3.611765250000000,0,3.612543500000000,85,3.613269750000000,16
3.616745250000000,0,3.617523500000000,85,3.618249750000000,16
3.621725750000000,0,3.622503750000000,85,3.623281750000000,16
3.626705500000000,0,3.627483750000000,85,3.628261750000000,16
3.631685500000000,0,3.632463750000000,85,3.633241750000000,16
3.636665250000000,0,3.637443500000000,85,3.637962250000000,1
3.641697000000000,0,3.642475000000000,85,3.643201000000000,18,3.644030750000000,133,3.644549250000000,2,3.645068000000000,134,3.645586750000000,95
3.691548250000000,0,3.692326500000000,85,3.693104500000000,17,3.693934750000000,0,3.694453500000000,0,3.694972250000000,0,3.695491000000000,238
3.696528500000000,0,3.697306750000000,85,3.698085000000000,8,3.698880000000000,157,3.699450000000000,2,3.700020000000000,2,3.700590000000000,86
3.701508750000000,0,3.702286750000000,85,3.702805500000000,9,3.703704250000000,154,3.704274500000000,2,3.704844750000000,2,3.705414750000000,24
3.706488750000000,0,3.707266750000000,85,3.707837250000000,16
3.711520500000000,0,3.712298750000000,85,3.713025000000000,16
3.716500500000000,0,3.717278250000000,85,3.718004500000000,16
3.721479500000000,0,3.722257500000000,85,3.723035500000000,16
3.726458750000000,0,3.727236500000000,85,3.728014500000000,16
3.731437500000000,0,3.732215500000000,85,3.732993500000000,16
3.736469000000000,0,3.737247000000000,85,3.737973250000000,1
3.741448500000000,0,3.742226500000000,85,3.742952750000000,18,3.743782750000000,154,3.744301500000000,2,3.744820000000000,134,3.745338750000000,74
3.791302750000000,0,3.792080750000000,85,3.792858750000000,17,3.793688750000000,0,3.794207250000000,0,3.794726000000000,0,3.795244750000000,238
3.796282250000000,0,3.797060250000000,85,3.797838500000000,8,3.798530000000000,187,3.799100000000000,2,3.799670000000000,2,3.800240000000000,56
3.801262250000000,0,3.802040250000000,85,3.802559000000000,9,3.803354000000000,184,3.803924000000000,2,3.804494000000000,2,3.805064000000000,249
3.806242750000000,0,3.807021000000000,85,3.807591500000000,16
3.811275250000000,0,3.812053500000000,85,3.812780000000000,16
3.816256000000000,0,3.817034250000000,85,3.817812500000000,16
3.821236500000000,0,3.822014750000000,85,3.822792750000000,16
3.826216250000000,0,3.826994250000000,85,3.827772500000000,16
3.831196250000000,0,3.831974500000000,85,3.832493000000000,16
3.836228000000000,0,3.837006250000000,85,3.837732500000000,1
3.841208750000000,0,3.841987000000000,85,3.842713250000000,18,3.843543250000000,184,3.844062250000000,2,3.844581000000000,134,3.845099750000000,44
3.891063250000000,0,3.891841250000000,85,3.892619250000000,17,3.893449250000000,0,3.893968000000000,0,3.894486750000000,0,3.895005500000000,238
3.896043000000000,0,3.896821250000000,85,3.897340000000000,8,3.898290500000000,220,3.898860500000000,2,3.899430500000000,2,3.900000500000000,23
3.901023500000000,0,3.901801500000000,85,3.902372250000000,9,3.903374750000000,220,3.903945000000000,2,3.904515250000000,2,3.905085250000000,213
3.906003500000000,0,3.906781500000000,85,3.907352250000000,16
3.911036000000000,0,3.911814250000000,85,3.912540500000000,16
3.916016250000000,0,3.916794250000000,85,3.917572250000000,16
3.920995500000000,0,3.921773750000000,85,3.922551750000000,16
3.925975250000000,0,3.926753500000000,85,3.927531750000000,16
3.931007500000000,0,3.931785750000000,85,3.932512000000000,16
3.935988250000000,0,3.936766500000000,85,3.937493000000000,1
3.940969250000000,0,3.941747500000000,85,3.942474000000000,18,3.943356000000000,220,3.943874750000000,2,3.944393500000000,134,3.944912500000000,8
3.990883000000000,0,3.991661500000000,85,3.992387750000000,17,3.993218000000000,0,3.993736750000000,0,3.994255500000000,0,3.994774250000000,238
3.995811750000000,0,3.996590250000000,85,3.997109000000000,8,3.997852500000000,0,3.998422500000000,3,3.998992750000000,2,3.999562750000000,242
4.000792500000000,0,4.001570500000000,85,4.002141250000000,9,4.003092000000000,0,4.003662250000000,3,4.004232500000000,2,4.004802500000000,177
4.005824750000000,0,4.006603000000000,85,4.007329250000000,16
4.010806000000000,0,4.011584250000000,85,4.012362500000000,16
4.015787000000000,0,4.016565250000000,85,4.017343750000000,16
4.020768250000000,0,4.021546500000000,85,4.022324750000000,16
4.025749250000000,0,4.026527500000000,85,4.027046500000000,16
4.030781500000000,0,4.031559750000000,85,4.032286000000000,16
4.035762000000000,0,4.036540250000000,85,4.037266500000000,1
4.040742500000000,0,4.041520750000000,85,4.042247000000000,18,4.043128750000000,0,4.043647750000000,3,4.044166500000000,134,4.044685250000000,227
4.090648250000000,0,4.091426500000000,85,4.092152500000000,17,4.092982500000000,0,4.093501250000000,0,4.094019750000000,0,4.094538500000000,238
4.095575750000000,0,4.096354000000000,85,4.096924500000000,8,4.097875000000000,33,4.098445000000000,3,4.099015000000000,2,4.099585000000000,209
4.100554750000000,0,4.101333000000000,85,4.101903500000000,9,4.102750750000000,39,4.103320750000000,3,4.103891000000000,2,4.104461000000000,138
4.105587000000000,0,4.106365250000000,85,4.107091500000000,16
4.110567750000000,0,4.111345750000000,85,4.112124000000000,16
4.115548500000000,0,4.116326500000000,85,4.117104750000000,16
4.120529000000000,0,4.121307000000000,85,4.122085250000000,16
4.125508750000000,0,4.126286500000000,85,4.126805250000000,16
4.130540250000000,0,4.131318250000000,85,4.132044500000000,16
4.135520250000000,0,4.136298500000000,85,4.137024750000000,1
4.140500750000000,0,4.141279000000000,85,4.142057250000000,18,4.142887500000000,33,4.143406250000000,3,4.143925000000000,134,4.144443750000000,194
4.190411000000000,0,4.191189250000000,85,4.191915500000000,17,4.192745500000000,0,4.193264250000000,0,4.193783250000000,0,4.194302000000000,238
4.195339750000000,0,4.196118000000000,85,4.196688500000000,8,4.197535750000000,69,4.198105750000000,3,4.198675500000000,2,4.199245750000000,173
4.200372000000000,0,4.201150000000000,85,4.201876250000000,9,4.202723250000000,75,4.203293250000000,3,4.203863500000000,2,4.204433500000000,102
4.205352000000000,0,4.206130250000000,85,4.206908250000000,16
4.210332000000000,0,4.211110250000000,85,4.211888500000000,16
4.215312750000000,0,4.216091000000000,85,4.216869250000000,16
4.220293000000000,0,4.221071250000000,85,4.221590000000000,16
4.225325500000000,0,4.226103500000000,85,4.226830000000000,16
4.230305750000000,0,4.231084000000000,85,4.231810250000000,16
4.235286000000000,0,4.236064250000000,85,4.236790500000000,1
4.240266500000000,0,4.241044750000000,85,4.241823000000000,18,4.242653000000000,69,4.243171750000000,3,4.243690500000000,134,4.244209250000000,158
4.290173250000000,0,4.290951250000000,85,4.291677750000000,17,4.292507750000000,0,4.293026500000000,0,4.293545500000000,0,4.294064250000000,238
4.295102000000000,0,4.295880250000000,85,4.296451000000000,8,4.297194250000000,105,4.297764250000000,3,4.298334250000000,2,4.298904250000000,137
4.300134250000000,0,4.300912250000000,85,4.301638500000000,9,4.302433750000000,111,4.303003750000000,3,4.303573750000000,2,4.304144000000000,66
4.305113500000000,0,4.305891750000000,85,4.306670000000000,16
4.310093250000000,0,4.310871500000000,85,4.311649500000000,16
4.315072750000000,0,4.315851000000000,85,4.316629250000000,16
4.320053000000000,0,4.320831250000000,85,4.321350000000000,16
4.325085250000000,0,4.325863500000000,85,4.326589750000000,16
4.330065500000000,0,4.330843750000000,85,4.331570000000000,16
4.335045750000000,0,4.335824000000000,85,4.336602000000000,1
4.340025500000000,0,4.340803500000000,85,4.341581750000000,18,4.342411750000000,105,4.342930500000000,3,4.343449250000000,134,4.343968000000000,122
4.389930250000000,0,4.390708250000000,85,4.391434750000000,17,4.392265000000000,0,4.392783750000000,0,4.393302500000000,0,4.393821250000000,238
4.394858750000000,0,4.395636750000000,85,4.396207500000000,8,4.397210000000000,144,4.397780250000000,3,4.398350000000000,2,4.398920000000000,98
4.399890250000000,0,4.400668250000000,85,4.401446500000000,9,4.402448750000000,147,4.403019000000000,3,4.403589000000000,2,4.404159000000000,30
4.404870500000000,0,4.405648750000000,85,4.406427000000000,16
4.409851000000000,0,4.410629250000000,85,4.411407500000000,16
4.414831250000000,0,4.415609500000000,85,4.416128250000000,16
4.419862750000000,0,4.420640750000000,85,4.421367000000000,16
4.424842500000000,0,4.425620750000000,85,4.426347000000000,16
4.429822500000000,0,4.430600500000000,85,4.431326750000000,16
4.434802500000000,0,4.435580500000000,85,4.436358500000000,1
4.439782500000000,0,4.440560500000000,85,4.441338750000000,18,4.442168750000000,17,4.442687500000000,4,4.443206250000000,135,4.443725000000000,208
4.489685250000000,0,4.490463500000000,85,4.491189750000000,17,4.492019750000000,0,4.492538500000000,0,4.493057250000000,0,4.493576000000000,238
4.494613750000000,0,4.495391750000000,85,4.495962500000000,8,4.496861250000000,177,4.497431250000000,3,4.498001500000000,3,4.498571500000000,64
4.499646000000000,0,4.500424000000000,85,4.501202250000000,9,4.502100750000000,183,4.502670750000000,3,4.503240750000000,3,4.503810750000000,248
4.504625750000000,0,4.505404000000000,85,4.506182000000000,16
4.509606000000000,0,4.510384250000000,85,4.511162500000000,16
4.514586500000000,0,4.515364750000000,85,4.515883500000000,16
4.519618250000000,0,4.520396500000000,85,4.521122500000000,16
4.524598000000000,0,4.525376250000000,85,4.526102500000000,16
4.529578250000000,0,4.530356250000000,85,4.531134500000000,16
4.534558500000000,0,4.535336750000000,85,4.536115000000000,1
4.539539500000000,0,4.540317750000000,85,4.541096000000000,18,4.541926000000000,17,4.542444750000000,4,4.542963500000000,135,4.543482250000000,208
4.589440750000000,0,4.590218750000000,85,4.590944750000000,17,4.591774750000000,0,4.592293250000000,0,4.592812000000000,0,4.593330500000000,238
4.594419750000000,0,4.595197750000000,85,4.595976000000000,8,4.596874500000000,204,4.597444750000000,3,4.598014750000000,3,4.598585000000000,37
4.599399750000000,0,4.600177750000000,85,4.600956000000000,9,4.601751000000000,210,4.602321000000000,3,4.602891250000000,3,4.603461250000000,221
4.604379750000000,0,4.605157750000000,85,4.605935750000000,16
4.609359250000000,0,4.610137250000000,85,4.610656000000000,16
4.614390750000000,0,4.615169000000000,85,4.615895250000000,16
4.619371250000000,0,4.620149500000000,85,4.620875750000000,16
4.624351250000000,0,4.625129250000000,85,4.625855500000000,16
4.629330750000000,0,4.630108750000000,85,4.630886750000000,16
4.634309750000000,0,4.635087750000000,85,4.635865750000000,1
4.639288750000000,0,4.640067000000000,85,4.640845000000000,18,4.641675000000000,17,4.642193750000000,4,4.642712250000000,135,4.643231000000000,208
4.689187000000000,0,4.689965000000000,85,4.690691250000000,17,4.691573250000000,0,4.692092000000000,0,4.692610750000000,0,4.693129500000000,238
4.694167000000000,0,4.694945250000000,85,4.695723250000000,8,4.696518250000000,219,4.697088250000000,3,4.697658500000000,3,4.698228500000000,22
4.699147000000000,0,4.699925000000000,85,4.700703000000000,9,4.701446000000000,225,4.702016250000000,3,4.702586250000000,3,4.703156250000000,206
4.704127250000000,0,4.704905250000000,85,4.705683500000000,16
4.709108000000000,0,4.709886250000000,85,4.710405000000000,16
4.714140250000000,0,4.714918250000000,85,4.715644500000000,16
4.719120000000000,0,4.719898250000000,85,4.720624250000000,16
4.724100000000000,0,4.724878000000000,85,4.725656250000000,16
4.729080000000000,0,4.729858000000000,85,4.730636000000000,16
4.734060000000000,0,4.734838250000000,85,4.735616500000000,1
4.739040750000000,0,4.739818750000000,85,4.740337500000000,18,4.741167500000000,225,4.741686000000000,3,4.742204750000000,132,4.742723500000000,4
4.788945500000000,0,4.789723500000000,85,4.790501500000000,17,4.791331500000000,0,4.791850250000000,0,4.792369000000000,0,4.792887750000000,238
4.793925250000000,0,4.794703500000000,85,4.795481750000000,8,4.796380500000000,222,4.796950500000000,3,4.797520500000000,96,4.798090500000000,181
4.798905750000000,0,4.799684000000000,85,4.800462000000000,9,4.801205250000000,225,4.801775500000000,3,4.802346000000000,131,4.802916250000000,78
4.803886000000000,0,4.804664000000000,85,4.805183000000000,16
4.808866000000000,0,4.809644000000000,85,4.810214500000000,16
4.813897500000000,0,4.814675500000000,85,4.815401750000000,16
4.818877250000000,0,4.819655250000000,85,4.820381500000000,16
4.823857500000000,0,4.824635500000000,85,4.825413750000000,16
4.828837750000000,0,4.829615750000000,85,4.830394000000000,16
4.833818000000000,0,4.834596000000000,85,4.835374000000000,1
4.838849500000000,0,4.839627750000000,85,4.840353750000000,18,4.841183750000000,243,4.841702500000000,3,4.842221250000000,135,4.842740000000000,238
4.888702000000000,0,4.889480000000000,85,4.890258250000000,17,4.891088250000000,0,4.891607000000000,0,4.892125750000000,0,4.892644500000000,238
4.893682000000000,0,4.894460000000000,85,4.895238000000000,8,4.895929750000000,222,4.896499750000000,3,4.897070000000000,96,4.897640250000000,181
4.898661500000000,0,4.899439750000000,85,4.900217500000000,9,4.900909000000000,228,4.901479250000000,3,4.902049500000000,96,4.902619500000000,110
4.903641000000000,0,4.904419000000000,85,4.904937500000000,16
4.908672250000000,0,4.909450250000000,85,4.910176500000000,16
4.913651750000000,0,4.914429750000000,85,4.915156250000000,16
4.918631750000000,0,4.919410000000000,85,4.920188250000000,16
4.923611750000000,0,4.924390000000000,85,4.925168000000000,16
4.928591750000000,0,4.929369750000000,85,4.930148000000000,16
4.933571500000000,0,4.934349750000000,85,4.934868500000000,1
4.938603500000000,0,4.939381500000000,85,4.940107750000000,18,4.940937750000000,228,4.941456500000000,3,4.941975250000000,252,4.942494000000000,136
4.988451500000000,0,4.989229750000000,85,4.990007750000000,17,4.990837750000000,0,4.991356500000000,0,4.991875500000000,0,4.992394000000000,238
4.993431750000000,0,4.994209750000000,85,4.994988000000000,8,4.995834500000000,222,4.996404500000000,3,4.996974500000000,96,4.997544500000000,181
4.998411000000000,0,4.999189000000000,85,4.999707500000000,9,5.000607000000000,228,5.001177250000000,3,5.001747250000000,96,5.002317500000000,110
5.003390250000000,0,5.004168250000000,85,5.004738750000000,16
5.008421000000000,0,5.009199000000000,85,5.009925250000000,16
5.013400000000000,0,5.014178000000000,85,5.014904000000000,16
5.018378750000000,0,5.019156750000000,85,5.019934500000000,16
5.023357750000000,0,5.024135500000000,85,5.024913500000000,16
5.028336250000000,0,5.029114250000000,85,5.029892250000000,16
5.033366500000000,0,5.034144500000000,85,5.034870500000000,1
5.038346000000000,0,5.039124250000000,85,5.039850250000000,18,5.040680250000000,228,5.041199000000000,3,5.041717750000000,252,5.042236500000000,136
5.088201000000000,0,5.088979250000000,85,5.089757250000000,17,5.090587250000000,0,5.091105750000000,0,5.091624500000000,0,5.092143250000000,238
5.093180500000000,0,5.093958750000000,85,5.094737000000000,8,5.095531750000000,222,5.096102000000000,3,5.096672000000000,96,5.097242000000000,181
5.098161000000000,0,5.098939250000000,85,5.099458000000000,9,5.100201750000000,228,5.100772000000000,3,5.101342250000000,96,5.101912500000000,110
5.103141500000000,0,5.103919750000000,85,5.104490500000000,16
5.108174000000000,0,5.108952250000000,85,5.109678500000000,16
5.113154500000000,0,5.113932750000000,85,5.114711000000000,16
5.118135500000000,0,5.118913500000000,85,5.119691750000000,16
5.123115750000000,0,5.123894000000000,85,5.124672250000000,16
5.128096750000000,0,5.128875000000000,85,5.129394000000000,16
5.133129500000000,0,5.133907500000000,85,5.134634000000000,1
5.138110000000000,0,5.138888250000000,85,5.139614500000000,18,5.140444750000000,228,5.140963500000000,3,5.141482250000000,252,5.142001000000000,136
5.187963250000000,0,5.188741500000000,85,5.189519750000000,17,5.190349750000000,0,5.190868500000000,0,5.191387500000000,0,5.191906250000000,238
5.192943500000000,0,5.193721750000000,85,5.194240250000000,8,5.195191250000000,222,5.195761500000000,3,5.196331750000000,96,5.196901750000000,181
5.197923500000000,0,5.198701750000000,85,5.199272500000000,9,5.200223250000000,228,5.200793250000000,3,5.201363500000000,96,5.201933750000000,110
5.202904250000000,0,5.203682500000000,85,5.204253250000000,16
5.207937250000000,0,5.208715500000000,85,5.209441750000000,16
5.212918250000000,0,5.213696500000000,85,5.214475000000000,16
5.217899250000000,0,5.218677500000000,85,5.219455750000000,16
5.222880000000000,0,5.223658250000000,85,5.224436500000000,16
5.227912750000000,0,5.228691250000000,85,5.229417500000000,16
5.232894000000000,0,5.233672500000000,85,5.234398750000000,1
5.237874750000000,0,5.238653000000000,85,5.239379500000000,18,5.240261500000000,228,5.240780500000000,3,5.241299250000000,252,5.241818000000000,136
5.287782250000000,0,5.288560500000000,85,5.289287000000000,17,5.290117000000000,0,5.290636000000000,0,5.291154750000000,0,5.291673500000000,238
5.292711000000000,0,5.293489250000000,85,5.294008000000000,8,5.294855250000000,222,5.295425500000000,3,5.295995500000000,96,5.296565750000000,181
5.297691750000000,0,5.298470000000000,85,5.299040750000000,9,5.299887500000000,228,5.300457750000000,3,5.301027750000000,96,5.301597750000000,110
5.302724750000000,0,5.303503000000000,85,5.304229500000000,16
5.307705750000000,0,5.308484250000000,85,5.309262500000000,16
5.312687000000000,0,5.313465250000000,85,5.314243500000000,16
5.317668000000000,0,5.318446250000000,85,5.319224500000000,16
5.322649500000000,0,5.323427750000000,85,5.323946500000000,16
5.327682500000000,0,5.328460750000000,85,5.329187000000000,16
5.332663000000000,0,5.333441250000000,85,5.334167750000000,1
5.337644000000000,0,5.338422250000000,85,5.339148500000000,18,5.340030500000000,228,5.340549500000000,3,5.341068250000000,252,5.341587250000000,136
5.387556500000000,0,5.388334750000000,85,5.389061000000000,17,5.389891250000000,0,5.390410000000000,0,5.390928750000000,0,5.391447750000000,238
5.392485250000000,0,5.393263500000000,85,5.393834000000000,8,5.394629250000000,222,5.395199250000000,3,5.395769250000000,96,5.396339500000000,181
5.397465250000000,0,5.398243500000000,85,5.398814000000000,9,5.399557750000000,228,5.400128000000000,3,5.400698250000000,96,5.401268250000000,110
5.402497750000000,0,5.403276000000000,85,5.404002250000000,16
5.407478500000000,0,5.408256750000000,85,5.409034500000000,16
5.412458000000000,0,5.413236000000000,85,5.414014000000000,16
5.417437500000000,0,5.418215500000000,85,5.418993500000000,16
5.422416750000000,0,5.423194750000000,85,5.423713500000000,16
5.427448250000000,0,5.428226500000000,85,5.428952750000000,16
5.432428750000000,0,5.433207000000000,85,5.433933250000000,1
5.437409500000000,0,5.438187500000000,85,5.438965500000000,18,5.439795500000000,228,5.440314250000000,3,5.440833000000000,252,5.441352000000000,136
5.487319750000000,0,5.488098000000000,85,5.488824250000000,17,5.489654500000000,0,5.490173250000000,0,5.490692250000000,0,5.491211250000000,238
5.492249000000000,0,5.493027000000000,85,5.493597750000000,8,5.494392500000000,222,5.494962500000000,3,5.495532500000000,96,5.496102500000000,181
5.497281500000000,0,5.498059750000000,85,5.498786000000000,9,5.499581000000000,228,5.500151000000000,3,5.500721250000000,96,5.501291500000000,110
5.502261750000000,0,5.503040000000000,85,5.503818250000000,16
5.507242000000000,0,5.508020000000000,85,5.508798000000000,16
5.512222000000000,0,5.513000250000000,85,5.513778250000000,16
5.517202500000000,0,5.517980750000000,85,5.518499500000000,16
5.522234250000000,0,5.523012500000000,85,5.523738750000000,16
5.527214500000000,0,5.527992500000000,85,5.528719000000000,16
5.532195000000000,0,5.532973250000000,85,5.533699500000000,1
5.537175500000000,0,5.537953500000000,85,5.538731750000000,18,5.539562000000000,228,5.540081000000000,3,5.540599750000000,252,5.541118500000000,136
5.587079750000000,0,5.587857750000000,85,5.588584000000000,17,5.589414000000000,0,5.589932750000000,0,5.590451500000000,0,5.590970000000000,238
5.592007500000000,0,5.592785500000000,85,5.593356250000000,8,5.594047500000000,222,5.594617500000000,3,5.595187500000000,96,5.595757500000000,181
5.597039250000000,0,5.597817250000000,85,5.598543500000000,9,5.599287000000000,228,5.599857250000000,3,5.600427250000000,96,5.600997500000000,110
5.602018750000000,0,5.602797000000000,85,5.603575000000000,16
5.606998750000000,0,5.607777000000000,85,5.608555000000000,16
5.611979750000000,0,5.612758000000000,85,5.613536250000000,16
5.616960000000000,0,5.617738250000000,85,5.618257000000000,16
5.621992000000000,0,5.622770250000000,85,5.623496500000000,16
5.626972500000000,0,5.627750750000000,85,5.628477000000000,16
5.631952750000000,0,5.632731000000000,85,5.633509250000000,1
5.636933000000000,0,5.637711250000000,85,5.638489500000000,18,5.639319500000000,228,5.639838250000000,3,5.640357000000000,252,5.640875750000000,136
5.686839500000000,0,5.687617750000000,85,5.688344000000000,17,5.689174250000000,0,5.689693000000000,0,5.690211750000000,0,5.690730500000000,238
5.691768000000000,0,5.692546250000000,85,5.693117000000000,8,5.693860750000000,222,5.694431000000000,3,5.695001000000000,96,5.695571000000000,181
5.696800500000000,0,5.697578500000000,85,5.698356750000000,9,5.699359000000000,228,5.699929000000000,3,5.700499000000000,96,5.701069250000000,110
5.701780750000000,0,5.702559000000000,85,5.703337000000000,16
5.706761000000000,0,5.707539000000000,85,5.708317250000000,16
5.711741000000000,0,5.712519000000000,85,5.713037750000000,16
5.716772500000000,0,5.717550500000000,85,5.718276500000000,16
5.721751250000000,0,5.722529250000000,85,5.723255250000000,16
5.726730500000000,0,5.727508750000000,85,5.728235000000000,16
5.731710750000000,0,5.732489000000000,85,5.733266750000000,1
5.736690000000000,0,5.737468000000000,85,5.738246000000000,18,5.739076000000000,228,5.739594750000000,3,5.740113500000000,252,5.740632250000000,136
5.786594250000000,0,5.787372250000000,85,5.788098500000000,17,5.788928500000000,0,5.789447250000000,0,5.789965750000000,0,5.790484500000000,238
5.791522000000000,0,5.792300000000000,85,5.792870750000000,8,5.793873500000000,222,5.794443500000000,3,5.795013750000000,96,5.795583750000000,181
5.796553750000000,0,5.797331750000000,85,5.798110000000000,9,5.799008500000000,228,5.799578750000000,3,5.800148750000000,96,5.800718750000000,110
5.801534250000000,0,5.802312250000000,85,5.803090500000000,16
5.806514250000000,0,5.807292500000000,85,5.808070750000000,16
5.811494750000000,0,5.812273000000000,85,5.812791750000000,16
5.816527500000000,0,5.817305750000000,85,5.818032000000000,16
5.821508000000000,0,5.822286000000000,85,5.823012500000000,16
5.826487750000000,0,5.827265750000000,85,5.828043750000000,16
5.831467500000000,0,5.832245500000000,85,5.833023750000000,1
5.836447250000000,0,5.837225500000000,85,5.838003750000000,18,5.838833750000000,228,5.839352500000000,3,5.839871250000000,252,5.840390000000000,136
5.886354500000000,0,5.887132500000000,85,5.887858750000000,17,5.888688500000000,0,5.889207250000000,0,5.889725750000000,0,5.890244500000000,238
5.891333750000000,0,5.892111750000000,85,5.892890000000000,8,5.893633000000000,222,5.894203250000000,3,5.894773250000000,96,5.895343250000000,181
5.896313500000000,0,5.897091500000000,85,5.897869500000000,9,5.898664750000000,228,5.899234750000000,3,5.899805000000000,96,5.900375000000000,110
5.901293000000000,0,5.902071250000000,85,5.902849250000000,16
5.906272500000000,0,5.907050500000000,85,5.907569250000000,16
5.911303250000000,0,5.912081250000000,85,5.912807500000000,16
5.916283000000000,0,5.917061000000000,85,5.917787000000000,16
5.921262250000000,0,5.922040250000000,85,5.922766500000000,16
5.926242250000000,0,5.927020250000000,85,5.927798250000000,16
5.931221750000000,0,5.931999750000000,85,5.932777750000000,1
5.936201250000000,0,5.936979250000000,85,5.937757250000000,18,5.938587250000000,228,5.939106000000000,3,5.939624750000000,252,5.940143500000000,136
5.986104500000000,0,5.986882500000000,85,5.987608750000000,17,5.988490750000000,0,5.989009500000000,0,5.989528250000000,0,5.990046750000000,238
5.991084000000000,0,5.991862250000000,85,5.992640250000000,8,5.993538750000000,222,5.994109000000000,3,5.994679000000000,96,5.995249000000000,181
